Explanation;Target
"aboneliğimizi kapattırmak istedik 2 kere işlem yaptırdınız hala birbirimizden ayrılamadık biz sizden  yakamızı kurtaramıyoruz #bizirahatbırak
@VodafoneHizmet @Vodafone @SuperYardim #vodafoneboykot";0
"#temelihtiyackredisi Sayın @BeratAlbayrak
 Bakanım basvuruların en kısa surede sonuclandırılması tek temennimizdir.@Vodafone hattı kapattı, kredi durumunu bile takip edemiyoruz. Ozel bankalar ve @Vodafone gibi ozel sektor firmaları vatandasa soluk aldırtmıyor bu surecte.";0
05325320000   nolu numarayı neden otomatiğe alıp devamlı insanları arıyorsunuz yeter artık bu kadar saygısızlık insanları devamlı tedirgin ediyorsunuz derhal bu aramalara son verin artık;0
ben 3 haftadır bekliyorum ne randevu saati veriyolar ne günü ayarlayabılıyosun ne adres degısıklıgı yapabılıyosun ne şubeye gidip alabiliyosun yani istesen bu kadar kötü hizmet yapamassın o kadar söylüyorum @Vodafone;0
"Bankaları geçtim vodafone vodafon türktelekoma ne demek lazım 
1 fatura gecikti anında telefonu kestiler hepsi aç akbaba gibi leş gördüklerinde saldırıyorlar";0
Vodafone tam 2 saattir müşteri hizmetlerine ulaşmaya çalışıyorum böyle iğrenç,rezil bi hat görmedim çoook neeeeeett....;0
"Çözüme bak be geceden beri ne çözüm ama #vodafone ???  Arayarak çözemediğimi iletiyorum yazıyorum arayın diyorsunuz ?
Dalga mı geçiyorsunuz ? @Vodafone  pic.twitter.com/lmwNVnlBlP";0
Çekmeyen İnternetle nasıl olacak#Vodafone;0
Vodafone evde hayat varda İnternet çekmiyor nasıl olacak İnternetiniz çekmiyor;0
İşsiz olduğum için bu ayın faturasını ödeyemedim, reklamlarda evde kal diye caka satıp evde kalana ilk tokatı yine sen vurdun bravo vodafone @VodafoneHizmet pic.twitter.com/7ro3SIdQjz;0
Bunlar kan emici vicdansızlar;0
#ALLAHBELANIZIVERSIN @Vodafone @VodafoneHizmet  bari bu dönemde hat kapama ücreti almayın. ne biçim bir kan emicisisiniz?;0
"Hata kimde ? @VodafoneHizmet @Vodafone 
Neden insanları çıldırmak adına hizmet veriyorsunuz ? Neden okuduklarınızı anlamakta zorluk çekiyorsunuz ?
Neden hazır cevap olmak zorundasınız ?
Çözüm anlayışı dediğiniz şey görüşmemin içerisinde ki çözümsüzlük mü???  pic.twitter.com/78MnjA7vLU";0
"O zaman bugunden itibaren elveda 
#vodafone
Hosgeldin #turktelekom";0
"Çok ciddi söylüyorum #Vodafone pişmanlıktır, daha beter pişmanlıktır ! Sorun bildiriyorum, ısrarla algılanmıyor farklı aboneliğim üzerinden cevap veriliyor. Doğru olanı Yineliyorum ama hazır cevaba o kadar çok alışmışlar ki iplemiyorlar.
Deli etmeye and içmişler ! pic.twitter.com/ePFW37npVv";0
Vodafone VodafoneHizmet 20 gündür numara taşıma işlemim gerçekleşmedi. Uzun süreceği halinde bilgilendirme yapılacak diyorsunuz ama bilgilendirme yok. Uzun gün anlayışınız ne? Aylarca beklemem mi gerekiyor? İşinizi yapamıyorsanız bırakın kimseyi mağdur etmeye hakkınız yok!;0
"#vodafon #vodafone 
Keşke sizde Türkiye'ye destek çıkıp fatura zamanı bu kötü durumda biraz daha anlayışlı olsaydınız da hemen mesaj atmasaydınız.";0
Kredi kartı ya da banka kartı kullanmıyorum, 5 yaşında yani yasak kapsamında bir kızım var ama korkmayın en yakın zamanda ödicem 21 lira 20 kuruşunuzu tehdide gerek yok. ;0
İkinci haftasına girdiğim İnternet bağlanması yönündeki talebim hala gerçekleşmedi valla helal olsun 10000 nüfuslu bir ilçe de neyin yoğunluğu bu yoksa  @VodafoneMdr önceliği kendi müşterilerine mi veriyor?!;0
Yavassiniz yavaş numara tasiyalim dedik bir hafta oldu ne mesaj atan var ne arayan vazgeçecegim az kaldı;0
Vodafone  sabahtan beri evdeyim telekurye gelicek diye ise gitmedim ama kendileri gelmedi mesajı geldi adresinize geldik sizi bulamadik diye bari yalan soylemeyin gelmiyosaniz gelmeyin;0
Teşekkürler Vodafone beni beklettiğiniz için!  pic.twitter.com/Jv5MomCMdF;0
Vodafone musteri hizmetleri 20 dakika cevap vermedi kapattım sonunda artik;0
Ne oldu hani talebimi çözüyordunuz? Kaç gün oldu hala bir gelişme yok. pic.twitter.com/RITtQihuUK;0
Kankam bende zor kurtuldum bu Vodafone den inanılmaz geçiriyorlar;0
3 maymunu oynuyosunuz ama bunları unutmayacağız.  #vodafone #Vodafone #tuerktelekom @vodafone @VodafoneMedya @TurkTelekom;0
5 nisan günü #vodafone dan online sipariş verdik hala gelmedi koskocaman vodafone bu kadar adi bir şirketle çalışmamalı arıyoruz bekletiyor sonra kapatıyor hem dkk mız hem vaktimiz kayıp oluyor hiçbirşekilde ulaşılmıyor çözüm bulmak bu kadar zor olmamalı. Rezilliktir ;0
Işık hızında bağlanmaya calisiyorum vodafonee 15 dakika oldu.15 defa tesekkur ettiler beklediğim için halinde bekletiyorlar sinirsiniz #vodafone;0
Vodafone küçük bahanelerin altına sığınmayın hiç bir sorun çözümlenmiyor en yakın zamanda @TurkTelekom taşıyorum kullanmış olduğum hatları;0
Vodafone  müşteri hizmetlerine bağlanmak niye bu kadar zor ? Karşıma bir insan çıkmıyor, ne yapalım tam olarak ?;0
Vodafone bizimle hayata baglan diye bir slogan kullanıyorsun ama yarim saatte müşteri temsilcine baglanamiyoruz.. #vodafone;0
Tablet bilgisayardan internet hizmeti alamiyorum.Yazik olsun vodafone a;0
Burdan yaz dm den yürüme seninle aşkımız bitti Vodafone  pic.twitter.com/5w6YFOkiN2;0
Ankisorlü telefon kadar hizmet veremeyen operator vodafone ;0
Vodafone numara tasıma evraklarını Talep iletten iletemiyorum.Sürekli hata veriyor.Belgeleri mail atın dediler ne arayan var ne soran.Müsteri hizmetlerini aradıgımda ise numaram vodafone olmadıgı icin talep olusturamadıgıklarını soyluyorlar.Bu nasıl bir işeyiş!! ;0
Neden çünkü siz büyük kerizsiniz zaten fazla ödüyorsunuz niye düşük alalim..sakin vodafone tuzağına düşmeyin soygunun adıdır vodafone;0
Vodafone kullanmadığın bir şeye durduk yere para vermek kimsenin hoşuna gitmez!!! Artık bunu sözleşmeye mi eklersiniz nereye eklersiniz bilmiyorum!!!;0
Vodafone sürekli açıkla sürekli bizim yapacağımız bir şey yok. Herhalde hat taşımalıyım, yıllardır @vodafone ile olsam da sadece katlanan bir faturam var.;0
Vodafone baz istasyonu bulamadığınız için kullanamadığım hattın faturasını ödeyeceğim. Sizle konuşurkende çekmiyor telefon, uydurduğum bir durum da yok. Sözleşmede yoksa ekleyin bir zahmet, baz istasyonu sizin sorununuz ve bundan dolayı ben boş yere para ödemek zorunda değilim!;0
bi e-sim muhabbeti vardı ne oldu o iş? hani yılbaşıydı şubattı derken, corona size mi yaradı? zaten yetişmiyordu. #Vodafone;0
Dönüş yapacağını söyleyen müşteri hizmetleri Twitter adresiniz ve telefondaki müşteri temsilcileriniz de hala bir şey yapmadı. Yapmadığınız ve provizyonu olan bir işlemi iptal etmek neden bu kadar zor? @Vodafone;0
Cumartesi günü babamın kartindan dolandırıcılar işlem yaptı ve cumartesi gününden beri 7 mailimize, birçok konuşmaya rağmen dönüş yapmiyorsunuz, iptal etmiyorsunuz. Aldıklarını alıp kacmalarini mi bekliyorsunuz #Vodafone;0
öğrencilere bedava internet vermediniz bari varolanı yavaşlatmayın @Vodafone bıktırdınız iki gündür;0
VodafoneHizmet 1 hafta borç ödenmedi diye hattım kapatılmış. Ödeme yapabilmek için #vodafone i bile arayamıyorum. Hastanede iken hiç biryeri arayamaz oldum. Mağdur etmeye hakkınız yok. İnsan önceden bildirir. Şu vodafone önceden bildirmeniz gerekirdi.İlk işim @vodafone  bırakmak;0
Telefon borcu 1 hafta geçti diye şu ortamda telefonu hattını kapatmak nedir. Hastanede pat diye hiçbiryeri arayamadım. Nasıl düşüncesizlik. Ödeme yapabilmek için vodafoneı bile arayamıyorum. İlk işim vodafone ı bırakmak.;0
türkiye'de hiç bir hizmet bu şekilde kesilmiyor. bazen ben de vodafone'da unutuyorum, anında kesiliyor. aşırı saçma. lüks de değil ki. iletişim.;0
Hattımı vodafone a taşıdığım güne.. 😒😒😒;0
Yanlış efendim ben çocuklarıma anlatırım konuyu. iyilik yapıcaksan vodafone ın paket aştınız deyip 3 günde her seferinde  24 tl koyup 60 tl olan fatura 200 küsüre çıkmasından nasıl kurtulunur caysan yüz daha koyarım diyor bunu anlat;0
Siz başka gezegendemi yaşıyorsunuz  ne doymaz kurumsunuz  vurdumduymaz şu dönemlerde yaptığınız hiç bir zaman unutulmayacak  asla !!!!!!  bozuk psikolojımızımı test ediyosunuz vodafone;0
vodafone o yeni sesli yanıt sisteminizide sizinde Allah kahretsin. O sistem düzeltin insanları çileden çıkarmayın. Evde kalan telefonumu yönlendircrm ne mümkün muhattap yokki;0
Kaç gündür evde ve bölgede net yok. Ne zaman yapılacağını dahi bilmiyorsunuz. Kablonuz mu yok, eleman mı bulamıyorsunuz? Koskoca firma. Bu mağduriyete bi çözüm bulun! Evden çalışıyoruz, rezillik. #Evdenetyok #vodafone;0
Ya çok ilginç biz sağlığımızdan endişe ederek işe gidiyoruz. vodafone aboneleri bulundukları gsm de daha iyi tarife almak için Vodafone yada aveai hatlarını taşıyıp tekrar vodafone taşıyorlar. Gelmeyin kardeşim gereksiz yere gelmeyin . 10tl 20 TL indirim alacağım diye...;1
Şunu bilin vodafone  hizmetinden hiç memnun kalmadik. Bizi numaramizi size tasimakla pisman ettiniz. Aman bundan sonra vodafone bizden uzak dursun. Haksiz ve fahiş hizmet sattiniz bize. Sattik oldu diyorsunuzda bu zihniyet kisa gunun kari olabilir sizin icin ama bizi kaybettiniz;0
7 dakikadır size bağlanmaya çalışıyorum illet ettirdiniz beni bu kadar bokum olamazsınız @vodafone evde hayat falan yok size ulaşamıyorum bile ne hayatı ya;0
AKLI OLAN VODAFONE DAN UZAK DURSUN;0
Sizi ne zaman yanımda buldum ki bu günlerde bulalım?;0
siz kapatın firmayı gidin çek senet tahsilat işleri yapın , 45 gündür bi kargoyu kontrol edip faturayı silemediniz , ama borcunuz var diye aramayı iyi biliyorsunuz , etrafımda , şirketlerimizde çalışan personeller dahi ne kadar vodafone varsa , hat değişimi yaptıracağım !!!!;0
@vodafone 4.5 G hızına erişemiyoruz.  Internet hızı çok yavaşladı. Arıyorum    kimseye ulaşamıyorum;0
#VodafoneBoykot Çok eski müşterinizim, evden çıkamadığımız şu günlerde , işlerimizin durduğu şu günlerde , fatura yatıramadığımızdan dolayı hattımı kestin vodafone , bunu asla unutmicam.;0
6 ayda bulamadığınız çözümü ne zaman bulacaksınız bilmiyorum fakat bu işin sonu mahkemelik zaten temmuz 2019 sonrası fatura tutarını iade edeceksiniz ama geri kalanınıda almak için ne gerekiyorsa yapacağım bedeli alacağım paradan çok olsa bile. size çok pis kinlendim vodafone bey;0
vodafone tek disi kalmis canavar! bu talebimi ne yapacagiz? Yok mu bir gelisme?  Kurtar bizi su zulumden artik pic.twitter.com/RyCPXzeRzR;0
vodafone'dan uzak durunuz;0
vodafonelı olmayı tekrar gözden geçireceğim.  Ayın 5 inde yatacak maaşımız daha yatmamış. Biz gidip devletin boğazına yapışmıyoruz. Sabırla bekliyoruz. Anlayış bekliyoruz.;0
vodafone 20 seneden beri sadece ismi vodafone olmasından ve TÜRK firması olmasından dolayı sizi tercih ettim. Ve 20 senedir size para ödüyorum. Evde kalın diyip telefonları görüşmelere kapatmakta ne oluyor.;0
vodafone şu programları internet tanımlandıktan sonra sildiğim için interneti kullanmadan bitirdiniz bu ne saçma hizmet  pic.twitter.com/u8xyUDROaK;0
vodafoneHizmet hizlisin dedik diğer operatörleri bıraktık ama bu ne yavaşlık be vodafone;0
aranmıyor zaten burdan 30 dakikada bir cevap veriyorlar valla olmaz işlerin bunun yazık çok yazık;0
İnternet o kadar iyi ki 1 saatlik diziyi 3 saatte izliyorum. Sağ ol vodafone;0
Kırk yılın başı film izleyim dedim donuyor aq allah belanı versin vodafone bütün hevesimin içine ettin;0
"#EvdeHayatVar dediniz, biz de evde kaldık... 
Faturayı ödemeyeyim dedim bakalım her ay şirket hatları ile beraber 1.000 TL’den fazla ödeme yaptığımız vodafone bizi 1 ay idare edecek mi? 
Saat 00:00’ı geçince hemen hattı kapattınız :) Muhteşemsin 👋👋👋 @vodafone";0
Geldim bile :) Kontörlü hattımı faturalıya çevirdim. turkcell’de son 1 fatura dönemim kaldı. Onu ödedikten sonra sadece ve sadece Vodafoneluyum...;1
İlgili teknik biriminizden birine saptadığım bug hatasını istikrarla ben anlatmak, çözüme gitmek istedim ama beni hiç dinlemediniz. Başınızdan savıp kurumsal basit cevaplarınızdan sıkıldım. Çözüm istiyorum. #vodafone;0
Sonrasında oyunda hata olduğu söylendi ve iplenmedim. Ardından tekrar video ve fotoğraf kanıtlarıyla şikayetimi dile getirdim ve sonuç olarak yine sorun #vodafone kaynaklı olmadığını söyleyip konuyu kapatmaya çalıştılar.;0
vodafone hergün arayıp paket yükseltmek için dil dökmeyi biliyorsunuz.bunun için elemanınız yeterli sayıda var sorunu çözmek içinmi yok nasıl bi sistem bu? Daha fazla para almaya gelince çalışan var sorun çözmeye gelince aaa 5 güne anca ya?;0
Ek paket almaktan ciğerim soldu. Hediye mediye bir şey verin azıcık insaflı olun be... @vodafone ;0
vodafone 15 gündür bi interneti bağlayamadınız , sürekli ayni şeyleri söylüyorsunuz bi yardımcı olun artık;0
Ulaşılmaz sorunlu kafalarına göre üyelik yapıp fatura şişiriyorlar siz istemeden GB bitti mi otomatik yüklüyorlar bunu defalarca istemediğimizi iletsek de mj la bilgi verildi deniyor ama onay alınmıyor 49 TL lik sözleşme faturam 189 TL geldi. başka neden söylememi istermisiniz;0
vodafone tüm sağlıkçılarımıza 3 ay faturalarınız bizden  demenizi saygı ile arz ederim..;2
Uzaktan eğitim derslerimize öğrencilerimizin bir kısmı katılamıyor, hatta derslerin kaydedilmiş tekrarını izleme imkanı da bulamıyorlar. Üniversite öğrencilerin telefon internet paketlerini bir iki aylığına ücretsiz ve sınırsız yapamaz mısınız? @vodafone @VodafoneTR @TurkTelekom;2
Bu arada canımmm @Vodafone  @vodafoneHizmet çok teşekkür ederim Faturamın zamanı geçmiş farketmemişim ve siz tek bir Msj atmadınız bu konuda. Kısıtlama bile getirmediniz kim ne derse desin benim için hep cansınız ;2
vodafone ve Huawei 5G’li akıllı şehirler için imza attı!  https://www.instagram.com/p/B_CcI9Dgbc3/?igshid=wnwgf906g4zm …;2
 etimesgut ilçesi  aşağı yurtçu mahallesi yurkent vilları içine vodafone altyapı döşemesi rica ederim nolur altyapı  döşensin #vodafone;2
Sizlik durum değildi. vodafone ile ilgiliydi çözdük. Teşekkürler.;2
Şişttttttt susunnnn !!! Murat abim pardon ablam Vodafone’a sesleniyor 😂😂😂😂  pic.twitter.com/Yl6cKz1BrT;2
"Telekomünikasyon şirketleri sözüm size abim annem babam ve ben farklı farklı gsm şirketlerine üyeyiz fatura borçlarımızı bu kadar ısrar etmeseniz hani. Öteleme yapın ödeyeceğiz.
@VodafoneTR
@vodafone
@TurkTelekom";0
Kusura bakma  turkcell ödediğim faturayı hak etmiyorsun.  Daha önce de dedim artık @vodafone e geçme zamanı 🤷‍♀️  https://twitter.com/Esmaasal1/status/1209524736906137600 …;1
"İletişim ve internete erişim hepimiz için zorunlu bir ihtiyaçtır. 

Sürekli evde kaldığımız bu elzem zamanda abonelerinize karşı duyarlı olun , destek olun !#FaturalaraÇareBulun
@vodafone @VodafoneTR @TurkTelekom";2
#Coranalı günlerde internetimiz bitmesin #vodafone;2
Hattımı  turkcell den @vodafone e transfer etmek istiyorum ama müşteri hizmetlerine bağlanamıyorum.  pic.twitter.com/WxOBdz76qf;1
Doktor Hanıma böyle bir günde yardımcı olurlar ,vodafone gerekli kolaylığı sağlar ve değiştirir;1
Bence bu üç dev kurumlar vodafone..telekom.vodofone.   sadece 3 ay  5 gb interneti bedava sunup bu savaşta zafer anıtının gövdesine isimlerrini kazıyacaklar.yıllardır ülkemizden kazandıklarını düşününce bu beklentimin gerçekleşeciğini beklemek hayal olmasa gerek .haydi devler;1
vodafone u hiç bilmiyorum;2
Sevgili @vodafone  ailenize katılmak istiyorum;1
vodafone çekmeyen yerlere daha çok yatırım yapıo;0
Sizin sağladığınız bok gibi hizmet yüzünden Oyun oynayamıyorum bari şu karantina günlerinden adam gibi hizmet verin bok gibi internet veriyorsunuz bilgisayara vodafone'i telefonumun mobil verisini paylaşıyorum bide fiber fiber diye milleti kandırıyorsunuz nah fiber;0
"vodafone ve Türk Telekom Hızlarını Artırdı!
Türk Telekom altyapısını kullanan Millenicom ve Turknet kullanıcılarının da söz mevzusu artıştan yararlanacak.
 https://bit.ly/2kathiz 
#çağrımvar #herseycokguezelolacak #Aileceokuyoruz #EksiSozlukKapatilsin pic.twitter.com/nMSCHsBDMF";1
Senide vodafone dünyasına alalım havalarda uçarsın :) :) :);1
Ben de vodafone a geçecem;1
Lanet olsun @turkcell  den @VodafoneTR geçtiğimiz güne;0
Eve diyorum. 5 tane daha modem alayım. İnternet kesilince birini söker, diğerini takarım. Şaka gibisiniz. Süre bitsin direk @vodafone ‘e...  pic.twitter.com/tQN0T5DoOW;1
Sebepsizce ödediğim yüksek faturalara olan sinirim vodafone👏  https://twitter.com/eskireklamiar/status/1250875494825963520 …;0
Valla hiç farketmez ben aldım 3 ay cayma hakkı vardı hemen geri kaçtım şimdi vodafone kullanıyorum on numara beş yıldız;1
ölene kadar bu hattayım🥺 vodafone  https://twitter.com/eskireklamiar/status/1250875494825963520 …;1
vodafone var gam yok #ttnet #turknet @vodafone  pic.twitter.com/TQBz8VK6Ra;1
vodafone benden daha çok hayata bağlı.;1
TurkTelekom ,vodafone in getir götürünü yapar diyecem de hızı ona bile yetmez 😂😂;1
Haklisin ama kime göre Haklisin? 🤓🤔;2
Yıllardır  vodafone kullanıcısıyım lütfen rica mı dikkate alın.;2
"Hiçbir internet sağlayıcının sesi çıkmıyor, uzaktan eğitim onlara yaradı. Size katılıyorum; ayrım yapılmadan bedelsiz olmalı";0
vodafone ' nin ardından Türk Telekom'da internet kullanıcılarının yükleme hızını 2 katına çıkardı.  pic.twitter.com/99txZOOHkQ;1
Bu şekilde yaparak yoğunluğu daha da arttırıyorsunuz . Normal çalışma saatlerine dönülmeli;2
vodafone internet hızını 2 kata çıkarmışlar @vodafone @vodafoneHizmet sizden de bekliyoruz pic.twitter.com/UiUiKvX5Sp;1
vodafone 'ın  vodafonekullanıcılarına da müjdeli haber geldi.vodafone, kullanıcılarının upload hızlarını 2 katına çıkardı.  pic.twitter.com/A97quTcyqr;1
Yillardir evimde telefonla konuşamıyordum cekmiyor diye neyse ki kurtuldum sorun evde değilmiş. Tisikkilir  vodafone ❤️;1
vodafone oralarda biyerlerde ellerini ovuşturarak bıyık altından gülüyosun şu an biliyorum;2
vodafone u şimdiden çok özledim ☹️;1
vodafone 👏🏻👏🏻  pic.twitter.com/ZlpYcCxyBe;1
Teşekkürler vodafone  🖒;1
vodafone yillardir en pahali operatorsunuz. Biz insanlara bu zor gunlerde internet falan hediye edinde bari farkinizi hissettirin. #vodafone;0
3 yıldır sorunsuz şekilde telefonunu kullandığım vodafone sen gerçekten bir kere daha harika bir firmasın.Seni örnek alsınlar.internetimi de sana taşıyacağım herkese seni anlatacağım iyiki sen varsın sunduğun sınırsız hizmet-kalite için teşekkürler! ;1
vodafone  ve Türk Telekom evdeki internet hızlarını artırdı  https://elmadesem.com/news/58746/vodafone-ve-turk-telekom-evdeki-internet-hizlarini-artirdi …;1
Türk Telekom pişmanlıktır tavsiye etmem. Vodafone'u hiç denemedim. Ama vodafone  ve TürkNet 10 numara 5 yıldız kullanın tavsiye ederim..👍🏻👍🏻😀😀;2
Başka bir aboneligimizi 3 yıl önce ayni sorunlar yüzünden vodafone'a taşıdık. 1 gün sorun yaşamadık. Kalite asla tesadüf değil.;1
vodafone müşterileri için de VDSL iki katına çıkacak mı?;2
vodafone  ankara bağlantınız gayet güzel;1
Şu karantina bi bitsin ilk işim vodafone lı olmak…;1
Vodafone müşteri temsilcimi aradım resmen bana trip atıyor ya kusura bakmayın kardeşim bir daha arayıp rahatsız etmiyeyim sizi turkcell e geçme vakti geldi sanırım;0
Sıkma canını eski komşu @Vodafone da aynı muamele ve kapsama alani sıfır ne internet ne telefon  iletişim imkansız @VodafoneDestek  ten;0
vodafone  ve Türk Telekom evdeki Corona virüs salgını  nedeniyle internet hızlarını geçicici olarak artırdı;1
Diğer operatör’e daha geçmeden pişman oldum aslında geçiş mecburen yapıp ,hemen vodafone a dönmeyi düşünüyorum;1
vodafone  düzeltiyosan düzelt şu internetini iyi ki bi 30 GB hediye verdin ne bu afra tafra.;0
Sorun çözülmüşten 12-13saat sonra yineledi fakat şimdiye kadar beklemediğim kadar bekliyorum.Evden çıkamadığımız şu günlerde şubelerinizi ziyaret edemiyoruz.Sayın yetkiliden ricam sistemde kayıtlı cep numaramıza bir randevu oluşturup modem sorunumu ortadan kaldırmanız ;2
Şükür vodafone den başka arayanımız yok aq 😒;2
Ya takip ettiğim yeğenleri çok seviyorum vallahi, ama çok rt yapıyorsunuz.. Vodafone, vodafone reklamlarını geçti vallahi. Takip ettiklerimi hala çok seviyorum, tekil şahıs olursanız günün birinde tekrar görüşmek üzere, 😘;2
ayni telefonda #turkcell ile yapamadiğimiz VPN bağlantısını #vodafone ile sağlayabiliyoruz.  Hizmet alamadığım için evde kalamadım. #EvdeKalTR;1
Yani vodafone  tabiki hangi firma ücretsiz uploadı 5 den 25e çıkarır  pic.twitter.com/fAuO9Vt6MH;1
vodafone  Upload (Yükleme) hızlarını 5 mbps'den 20 mbps'ye yükseltti. Sizden de bir güzellik bekliyoruz @turksatkablo @TurksatAsistan #çağrımvar pic.twitter.com/BENbepSVWE;1
Olm adamlar 5 veriyodu fiber altyapıda 25 yaptılar 5 kat arttırdırlar ne istiyonz vodafonedan;1
"Sende olmasan kim mesaj atacak:')
@vodafone  pic.twitter.com/B8LCeNMOA4";2
"""vodafone  internet hızı için resmi açıklama!
 geçen hafta internet upload hızı için ...  pic.twitter.com/zUWnrzWxV3";2
İnanıyorum dostum vodafone seni yanlız bırakmaz sorununu çözeceklerdir. Dimi @vodafoneHizmet? 🤔;1
İnternet için müşteri temsilcileri şuan mesaisi varmı ? #vodafone @vodafone;1
Hayat vodafone de 😀;1
Telefon borcu ödendiği için çok şaşkınım ve mutluyum teşekkürler#vodafone💜;1
vodafone 'ın ardından Türk Telekom'da internet kullanıcılarının yükleme hızını 2 katına çıkardı.  pic.twitter.com/OiN8SbPjBt;1
"Sana yakışanı yap @vodafone 😉
#vodafone  https://twitter.com/mhmtyldrm_/status/1250756972707811329 …";1
@TurkTelekomMdr 6 gün sonra taahüdüm doluyor. Ne arayan var ne soran bittikten sonra yüksek fatura ödemem hoşunuza mı gidecek ? Ayrıca şu ana kadar hiç ikna edici bir tarifeniz de yok maalesef @vodafone yol gözüktü hadi eyvallah;1
"vodafone  açıkladı; fiber internette yükleme ve indirme hızları arttı
 https://www.teknoblog.com/vodafone--acikladi-fiber-internette-yukleme-ve-indirme-hizlari-artti/ …
#vodafone #vodafone pic.twitter.com/v9U2A3hjfN";1
Yanlış anlaşılmasın hızım 50mbit fiber @turkcell pişmanlıktır. Evde kaldığım sürece toplantılarımı mobil üzerinden @vodafone hattım ile yapıyorum.  pic.twitter.com/69Bq5z52di;1
vodafone denemedim ama adından belli kaliteli olduğu 💛;1
Hattımda bir sıkıntı yok teşekkürler @vodafone;1
Harika bir insansınız, iyi ki varsınız,bize de sizin gibi başkanlar nasip olsun🤗;1
turkcell inanılmaz kötü operatörsünüz! Sizde kalan borcumuzu bile ödeyemiyoruz ne internet ne de müşteri temsilcinizden! Şaka gibi para ödeyeceğiz onda bile yardımci olmayan bir operatör, rezalet! @vodafone  e geçtiğim için o kadar memnunum ki!;1
"vodafone, Kullanıcılarının İnternet Hızını Artırdı!  https://teknodiot.com/vodafone-internet-hizi …
#vodafone";1
"💻 vodafone ve Türk Telekom evdeki internet hızlarını artırdı.

👇  https://webrazzi.com/2020/04/16/vodafone-ve-turk-telekom-evdeki-internet-hizlarini-artirdi/ …";1
vodafone ve Türk Telekom’dan Hız Artışı  http://www.serdarsaglam.com/vodafone-ve-turk-telekomdan-hiz-artisi/ … #vodafone #türktelekom #internet #hız #fiber #vdsl #türknet;1
vodafone candir 😄;1
Üç gün önce düşünmüştüm şimdi düşünmüyorum saol samet reis  @vodafone @vodafoneHizmet;2
Tarifem 10 Mbps ama 50 Mbps yakın alıyorum tşk vodafone :)  pic.twitter.com/MKw1FB86U2;1
Türk Telekom, turkcell, Vodafone, , Digiturk, D-Smart, Kablo TV, Türksat gibi şirketlerden internet, telefon veya yayın hizmeti alan kullanıcılar, aboneliklerini e-devlet üzerinden iptal ettirebilecek.  pic.twitter.com/WpBZZiSVtI;2
"12 yıllık bir ilişkim var...
@vodafone";2
Betülle birlikte 4 gündür taşınabilir wifi bekliyorum. Artık gelde rahatlayalım. @vodafone #vodafone;0
#vodafone 14  senede sana 480 bin tl para ödiyecem bana bir telefon hedıye etmıyecsin haaaa;2
Ahahhah vodafone farkı buda 😄;1
@vodafone Size ulaşmam mümkünmü?  @vodafoneHizmet;2
vodafone kullanıyorum, gün içerisinde 80 kere bağlantı kopması harici güzel. Ne kadar aradıysam da düzeltemediler :));2
vodafone bu konuda kesinllikle haklı. gizem hanım şımarıklık yapmayın lütfen!!;0
vodafone  açıkladı! İnternet hızlarını arttırdık!  https://www.dijitalpazarlamahaberleri.com/vodafone--acikladi-internet-hizlarini-arttirdik/ …;1
sözleşmeniz bitince direkt vodafone 'a geçmenizi şiddetle öneririm ...;1
OTC News dergimiz vodafone dergilikte. Mutlaka okuyun....  pic.twitter.com/L5sNaMCI4O;2
vodafone ve Türk Telekom evdeki internet hızlarını artırdı -  https://bizonlar.com/2020/04/16/vodafone-ve-turk-telekom-evdeki-internet-hizlarini-artirdi/ …;1
ülkece dışarı çıkmaya başladığımız günden itibaren sloganı bi hafta DışarısıGüzel yapacağına söz verir misin @vodafone;2
"M5 Nisan Sayısı'na, vodafone Dergilik dışında okumak, dergiyi not alarak çalışmak isteyenler Eflatun Kitap'tan ulaşabilir. Böylece M5 kapınıza kadar gelecek. Aşağıdaki linkten ulaşabilirsiniz...
 https://www.eflatunkitap.com/m5-dergisi-nisan-2020 … pic.twitter.com/17alY8fUIP";2
Immm canım @vodafone şimdi ben size geleceğim bugünlerde hangi tarife olursa olsunnnn 30 GB hediyeniz mi var sizin?  pic.twitter.com/HmZlgINBaN;2
vodafone  ev internetinin hızını katladı  http://sh.aa.com.tr/656836 ;1
Esra sana inanmıyorum artık!! Koronadan kurtulunca ilk iş vodafone e geçmek 14  yıldır baydınız artık yeter.;1
vodafone deydik turk telekoma geçme gibi bir hata yaptık. Geçmez olaydık canım vodafoneim kazıkçı ama en azından kaliteliydi;2
vodafone diğerlerine göre iyi.;1
Bir çoğunu deneyimledim ve neredeyse hepsini kullanan arkadaşlarım var. Ev internetinde vodafone  Türkiye'nin sefiridir. Biat edin.;1
"vodafone  ekibi de resmi açıklamayı yaptı; Evden çalışma ve evden eğitim sürecinde interneti yoğun olarak
kullanan fiber müşterileri için en düşük indirme hızını 50 Mbps’ye, 20 Mbps’ye çıkarıldı deniyo";1
vodafone  ev internetinin hızını katladı  http://dlvr.it/RTtCgx ;1
Aslında wifi yavaş olduğu için yapıyorum bunu teşekkürler @vodafone;0
vodafone  ev internetinin hızını katladı  https://www.alaturkaonline.com/vodafone--ev-internetinin-hizini-katladi/?utm_source=dlvr.it&utm_medium=twitter … pic.twitter.com/ecOhTQN1q1;1
Turk Telekom Gpon altyapısı kullanıyorum. Paketim 50mbps, aldığım DL hızı neredeyse sabit 48mbps, upload 4 mpbs (20GB'dan sonra 2mbps) şu an speed test üzerinde 7.9 mpbs peak yapıp 4 mbps'nin çok az altına iniyor. vodafone'in yanında düşük artış ama 1>0;1
Hizmetiniz için teşekkürler @vodafone en yakın zamanda sizin hizmetinize geçmeyi düşünüyorum 🤗;1
vodafone 'ın ardından Türk Telekom kullanıcılarına da müjdeli haber geldi. Türk Telekom, VDSL ve fiber internet kullanıcılarının upload hızlarını 2 katına çıkardı.  pic.twitter.com/dkEtIvitlL;1
vodafone sen de işini biliyon he :D;1
"Hız artırımı konusunda @vodafone de daha yeni açıklama yapıyor. 
1 haftadan beri hız artışlarının olduğu görülüyordu kullanıcı yorumlarından. 
@TurkTelekom da aynı yoldan ilerliyor olabilir.";2
2 Telefonum var , dolayısıyla 2 gsm operatörüne sahibim. Biri vodafone diğeri Türk Telekom.;2
Adsl/vdsl olarak Türknet ilk kurulum uyuz ama sonrasında sıkıntı yaşamadım hiç. Mh olarak vodafone tektir ama fiber değilse onlarda bir yere kadar;2
vodafone  ev internetinin hızını katladı  https://www.sha.com.tr/ekonomi/vodafone--ev-internetinin-hizini-katladi-h32763.html …;1
vodafone bana bir aylık 1 gb vermiş pardon da ben 2 hafta da 15 GB yiyorum ne 1 gb veriyorsun;0
"Vodafone dan da kimse aramayınca tamamen dikkatimden kaçmış.Bugun @VodafoneTR gittiğimde 49 tl ödediğim pakete devam edebilmek için 69 tl ile yararlanabileceğim söylendi.
Tabi ki kabul etmedim. @vodafone @vodafoneHizmet  e giderek 49 tl ye eskisinden 3 gb fazla olan pakete gectim";2
Biraz geç olsa da net geldi tşkler vodafone;2
Oh be yeniden @vodafone e geçtim. Şebeke sorunum kalmadı. turkcell de neydi öyle son 9 aydır şebeke sorunu. Baz istasyonu kalkmışmış! Bu devirde İstanbul un göbeğinde telefon çekmiyordu. Şimdi herşey yolunda 🤗;1
Tartışmasız @vodafone 👍🏻  pic.twitter.com/elipCAklfO;1
vodafone ve Türk Telekom evdeki internet hızlarını artırdı  https://ift.tt/2XHJ1Ii ;1
vodafone’e geçmiş olmam adamlığı;1
Halletmezlerse vodafone uzaktan göz kırpıyo karşılık verebilirim;2
"Telefon çekmediği zamanlarda hattınız vodafone'se telefonu yukarı kaldırınca çekiyor, TürkTelekom'sa  aşağı indirince. 
Evet, bunu da deneyimleyerek öğrenmiş oldum.";2
vodafone direkt 20 mbps'e çekti. En iyi hamleyi o yaptı. :);1
Benimki vodafone altyapısı ve  fiber özellikle upload 4 kat artmış durumda çok iyi yahu bunlarda el atmış demekki;1
"vodafone  internette indirme ve yükleme hızlarını yükseltti

🔻 http://dgtl.ag/3czpLkD  pic.twitter.com/G70bE6wBdg";1
Ücretsiz GB. bekliyoruz biz de bu gözü doymaz @VodafoneTR @TurkTelekom @vodafone den;2
2 senedir vodafone kullanıyorum ve aşırı derecede memnunum.;1
Sen Allahın Bir Lütfusun Gözlerimin Nurusun;1
@vodafone  uploud’u 20mbit yaptıktan sonra tüm @TurkTelekom kullanıcıları olarak ’a geçeriz gibime geliyor :);2
Sakın ama sakın @VodafoneTR  a geçme sakin;0
"Güncel #haber #724ensonhaber ""vodafone  ev internetinin hızını katladı"" /  http://724ensonhaber.com/haber/13619/vodafone--ev-internetinin-hizini-katladi.html … Sizin Haberciniz pic.twitter.com/1pD1C0fsYq";1
vodafone  ev internetinin hızını katladı  https://ekonomiklik.com/vodafone--ev-internetinin-hizini-katladi/ … pic.twitter.com/YtNBmj2fBH;1
kesinlikle en iyi internet hizmeti paket ve müşteri hizmetleri her anlamdan en iyisi vodafone  alt yapımız turk telekom fiber gpon olmasa bağlatırdım direkt  https://twitter.com/webtekno/status/1250787403217895430 …;1
Yok Maalesef, bulunduğum sitede sadece bu lanet firma var, @vodafone Gelsin diye uğraşıyorum. Umarım gelir.;2
kötünün bir tık iyisi olduğu için vodafone  dedim normalde 10 üzerinden 3 hak ediyor :);2
vodafone ve Türk Telekom evdeki internet hızlarını artırdı  https://webrazzi.com/2020/04/16/vodafone-ve-turk-telekom-evdeki-internet-hizlarini-artirdi/ … @webrazzi aracılığıyla;1
vodafone  internet hızı için resmi açıklama!  https://shiftdelete.net/vodafone--internet-hizi-icin-resmi-aciklama-yapti …;2
vodafone  ev internetinin hızını katladı  https://www.dunya.com/sektorler/teknoloji/vodafone--ev-internetinin-hizini-katladi-haberi-467944 …;1
vodafone sağlık çalışanlarına DESTEK LÜTFEN 🙏;2
Hiç yoktan aldığın hizmete para ödüyorsun. @VodafoneTR da almadığın hizmete para ödüyorsun. Resmen rezillik. Tabi karar senin;0
vodafone  ev internetinin hızını katladı  http://ogrencipano.com/2020/04/16/vodafone--ev-internetinin-hizini-katladi/ … @ogrencipanoweb aracılığıyla;1
En düşük indirme hızı 50 Mbps oldu!!! Tüm detaylar haberimizde, habere ulaşmak için aşağıdaki linke tıklayın  https://www.btgunlugu.com/-internet-hizi-icin-dugmeye-basti-en-dusuk-indirme-hizi-50-mbps-oldu/ … @btgunlugu # #vodafone #indirmehizi #50mbps #EvdeKal;2
Mesut bey vodafone  her 2 sini de 2 katına çıkarmış.  pic.twitter.com/ZYKxIvLNNU;2
vodafone nesin sen kendini hatirlatmak isteyen eski manita mi  pic.twitter.com/f64j22FXiY;2
bana hızlı bir wifi verebilir misiniz veyahut 10 gb internet ... vodafone pazarında var orda görmüştüm;2
@vodafone @vodafoneHizmet hala mükemmelsin knk pic.twitter.com/UnOatsUrxf;1
vodafone , fiber abonelerinin internet Download ve Upload hızlarını artırdığını açıkladı. İşte konuyla ilgili detaylar.  https://www.teknolojioku.com/guncel/vodafone--acikladi-internet-hizlarini-arttirdik-5e985d27ff85de5f8718d9b2 …;1
Şu karantina gününde interneti kesen @TurkTelekom , faturanızı 1 ay geç alsanız batarsınız değil mi? İnternetiniz de, hizmetiniz de batsın. @vodafone @vodafoneHizmet en yakın zamanda görüşelim 👌 pic.twitter.com/3cUgsd1PAE;2
Vodafone pişmanlıktır sana bukadar söyleyim kardeş;0
Basın Bülteni- vodafone , fiber müşterileri için en düşük indirme hızını 50 Mbps'ye, yükleme hızını ise 20 Mbps'ye çıkardı  pic.twitter.com/U8EGH9nyNm;1
@vodafone telefon görüşmesi yaparken beni arayan kişilere meşgul görünüyorum. Arayan kişiden haberim olmuyor. Çaprı bekletme özelliğini nasıl etkinleştireceğim?;2
vodafone  ev internetinin hızını katladı  https://www.hibya.com/vodafone--ev-internetinin-hizini-katladi-16042004.html …;1
vodafone 5G Hazır  https://www.vodafone.com.tr/5g ;2
Manitam olmadığı için beni anca vodafone arar.  pic.twitter.com/ynMmIDEv8N;2
@vodafone teşekkür ederim hallettik;2
@vodafone @vodafoneHizmet  kanka hani süperdik hani online dık  hani en hizlisı bizdik 3 katı yap kanka günlerini görsünler.;2
Modeme reset at düzelmezse çöpe at vodafone  a geç;2
@vodafone # bu krizde galiba hızları artırmış download ve upload yükseltilmiş gözüküyor✅ geçici bir çalışma değilse tebrikler.Sonuçta herkes evden internet üzerinden çalışıyor @vodafoneHizmet #vodafone pic.twitter.com/eTYgy85GMV;1
"Elektrik, Su, doğalgaz, TTNet, vodafone, kira, gıda, kredi, kredi kartı.
Çok şükür ayrımcılık yok. Hep beraber batıyoruz.
Eskiden bireysel batardık. Şimdi hep birlikte batıyoruz. Şimdi aynı gemi deyiz sanki.";1
@VodafoneDestek  yiyeceğim başka kazık kalmadıysa ben @vodafone 'e geçtim 🤣 görüşmemek üzere  pic.twitter.com/NkF8pj20Th;1
Hocam emin misin bundan? Yaklaşık 1 sene önce vodafone in 5G denemesini yaptığını çok iyi biliyorum da. Yanlış anlaşılmasın 5G şöyle yapıyor boyle yapıyoru savunmuyorum.;2
Ben memnunum @vodafoneHizmet  fiber kullanıyorum şu zamanda gündüz gece ve karantinada dahil internetim ne kesildi nede bi hız düşüklüğü oldu.(vodafone de çalışmıyorum babamın oğlu değil neyse onu yazdım).İl Samsun.;1
"Abonelik sözleşmesi fesih başvuruları e-Devlet'e taşınıyor. Türk Telekom, vodafone, Vodafone, , Digiturk, D-Smart, Kablo TV, Türksat gibi şirketlerden internet, telefon veya yayın hizmeti alan kullanıcılar, aboneliklerini 
e-devlet üzerinden iptal ettirebilecek.";2
@vodafone e gec ugrasma bunlarla.;1
Daha kesin bir çözüm yok sadece 100 mbps kullananların güncellendi 100 mbps için vodafone gibi 20 mbps upload verilmeliydi VDSL ile 50 mbps'e kadar vermek mümkün.;2
Online derste hocaya dedim ki kamera açınca bağlantı problemleri yaşıyoruz sınavda kamera açmasak olur mu dedi ki genç vodafone de 30 gb internet kampanyası var... şakasız;2
Çekmiyor zaten, vodafone pahalı ama en  iyisi;2
@VodafoneTR bok gibi operatörsünüz, bok gibi gibi olan ne kadar iğrenç sıfat varsa literatürde  size yakışıyor. 2 saniye içinde 15 tl zarara uğrattınız vodafone kullanırken fazla para verirdik ama bir nebze de olsa size nazaran iyi hizmet alırdık, sıçayım sizin hattı aldığım güne;1
Tabi ki @vodafone. Eğer ondan memnun olmayıp geçiyorsan @TurkTelekom  pişmanlıktır. Taahhütüm biter bitmez @vodafone deyim.;1
vodafone Vodafone ttelekom her yıl büyüme oranları %20 lerin üzerinde bu oranlar gerçekten çok büyük Allah daha çok versin gözümüz yokta bu süreçte destek olmaları gerekir;2
Şehrin göbeğinde 2 gündür çekim sıkıntısı yaşıyorum @vodafone ayıp ama nesin sen turktelkm mu 🙄;0
15 inde sevdiklerim 16 sında kurumsal yerler (Kızılay, Google, vodafone vb.) Hahahahhaahyt harika bişey kdkdkdkdkdkd;2
"Evde internet paketleriniz için bilgi almak istiyorum, yardımcı olabilir misiniz? 
@TurkTelekom
@VodafoneTR
@vodafone";2
bir kere bana da 800 gelmişti vodafone beybisi bana ikili kütahya porselen fincan takımı göndermişti 😂😂;1
Diyorum ki sayın vodafone hizmet hanım/bey şu mübarek günlerde ülkemiz zaten zor durumda şu borcumu ödeyin işte :D;2
Ücretsiz olması mümkün olmayan durumlarda kota sınırını kaldırabilirler. En azından 2 aylığına.;2
"Ücretsiz internet, geçirdiğimiz bu zor günlerde ekmek, su, hava gibi bir ihtiyaç haline gelmiştir

Bu süreçte ihtiyacı olanlara ücretsiz internet temin etmek ticaret değil, bir görevdir. 
@VodafoneTR @vodafone @TurkTelekom";2
Gurur duyuyoruz yöneticiliğiniz ve duyarlılığınız ile;1
Levent Bey bence ayıbı siz yapmışsınız 25 yıl düzenli fatura ödenir mi 😂 onlar alışkın değiller böyle faturası düzenli ödeyenlere. Sorsanız ateşte kül bırakmazlar.;2
Sayın hocam uzaktan eğitim sisteminden başka bir çareyok bu dönem muaf olsun demek çok saçma olur, yazın okulun olması daha saçma olur. yazın çalışan var bir dönemi çalıştığı parayla geçindirecek insanlar var. Türkiyenin her yerinde vodafone çekiyor.Pc olmayan 300tlye tablet alsn;1
Adına yakışanı yap vodafone 5G ye hayır de kampanya başlat tüm Türkiye'ye sana geçelim #5Gyehayır #vodafone #vodafoneHizmet;2
#instagrammusic yüzünden internetim bitmek üzere @vodafone internet yolla ama söz bir daha #instagrammusic e bakmiyacam;2
@vodafone @vodafoneHizmet @SuperYardim siz ne kadar kötü bir firmasının ki insanlara yalan beyanda bulup insanları dolandırıyorsunuz ürün satıp kendi adresini yazıp sonrada teknip sorun yaşadığımizda geliyorsunuz illaki savcılığa suç duyurusunda mı bulunalım;0
@vodafone aysonu geldiginde hizmet verdiginiz bedeli tahsiz ediyorsunuz ya bende sizden allah rizasi icin hizmet kalitenizi gosterin peki ozaman sirunumu cozun ya cozun;0
Öncelikle verdikleri kotaları kulkanabilecek doğru düzgün hız sağlasınlar;0
15 temmuzda habire beleş internet veriyorlardı.. Şimdi tık yok..;0
Bunlar sömürücü. @VodafoneTR @vodafone @TurkTelekom alternatifiniz yok ama bir gün inşallah şu memleketin çocukları tekelliğinizi kıracak.;0
Bana #vodafone m.tems. 2uygun pakete aldım, 120'ye indi2 derken #fatura için, baktım yine 200 tl! Fırsatçılık değil mi? EVE TIKANDIM, PARA YOK, VE YİNE EVE TIKANAN ANNEMLE KONUŞACAĞIM BU MU FAZLA! Ama o da kalsın, onu da alın!. İnanın bıktım, yıldım. Yaşamak d istemiyorum artık.;0
Artırmazlar hepside aç gözlü;0
@vodafoneHizmet vodafone  Vatandaşın halini görüyorsunuz neden elinizi taşın altına koymuyorsunuz da hep SAĞMAYA çalışıyorsunuz!Faturaları 3 ay faizsiz erteleyin veya %50 iskonto yapın,veya 1 veya 2 fatura tutarını bağışlayın desem.Siz bizi aforoz edersiniz.Din İman sizde PARA!;0
Yüzlerine tükürsen elhamdülillah çok şükür der bunlar;0
Utanmazlar ama suslu reklam verirler;0
Beni zırt pırt faturalıya geçmek ister misiniz diye arayacağınıza, bu çağrıya yanıt vermenizi tercih ederim @vodafone @VodafoneTR @TurkTelekom https://twitter.com/mansuryavas06/status/1250416228528787456 …;2
Onların hiç  biri utanmaz.  Para yoksa hizmet yok der. Istersen 50 yıllık ol farketmez onlara;0
"3 senedir türksel kullanmıyorum.  Tanıdığım herkesi Vodafone'a davet ediyorum. Siz yerli ve milli soyguncusunuz. Turk adını kllnmayn rezil herifler. 1 Gb turbo paket 99 tl' ye , sözleşme bitmiş bahanesi ile yenilenmis. Çocuklarınız sakat doğar umarım 
 #vodafone @vodafoneHizmet";1
"1 GB internet paketini 99 TL'ye satan vodafone .  Allah çocuklarınızdan çıkarsın. 
Yediğiniz her kuruş zıkkım olsun . Haram olsun. Neymiş sözleşmeniz bitmiş. Bitmiş olsa bile 1 GB 99 Tl olur mu

@vodafone @vodafoneMusteri #vodafone #vodafone #Persembe #Perşembe #vaka69392";0
Utanmazlar sadece para alırlar @lvntozrn;0
"Bugünlerde, bunca sıkıntıyla boğuşurken, iş durmuş hazır para yenmeye başlamışken;
#vodafone in 200 tl'lik faturasıyla bir darbe daha yiyorum. Doğalgaz, k.kartı  ertelenirken,  kar rekoru kılan bi şirket enflasyon üzerinde artırdığı fiyatlara devam edemez.";0
Sen hala @vodafone kullanmaya utanmiyormusun;0
5 gün erteledik demelerine rağmen zaten fatura kesim tarihine 5 gün kalması utanmadan her gün borcunuzu ödeyin mesajı atmaları;0
vodafone verdiği bozuk modem yüzünden kullanılmayan internetin ücretini isteyen bir firma. Utanır mı?;0
Dünyanın en pahalı ve en rezil internet hızına sahibiz   1 ocak 2019 tarihinde kotayı kaldırdılar  ama fiyatı 2 katına çıkarttılar.  3 yıl önce 16 megabit interneti 45 liraya kullanırken şuanda aynı interneti 90 liraya kullanıyorum upload hızları da rezilliğin daniskası 0.75;0
Utanmazlar bunlar. Vefa ne gezer böyle ahlaksızlarda;0
Şu yaşadığım rezalete bakın. Yazık... @vodafoneHizmet @vodafone  pic.twitter.com/zitsFcEhcq;0
Hiç şaşırtmadan aynı kalitesizlik ve Cingözlülükle devam ediyorsunuz. Tebrikler @vodafone;0
@vodafone gerçekten çok ahlaksız. Arayıp hala paketinizin süresi dolmuş, interneti fazla kullanıyorsunuz size şöyle bir paket satalım aylık 20 tl fazla bedelle diyor.;0
vodafone çok çakal hep bir şeylerden kontör alma peşinde. Bimcell halkın yanında teşekkürler bimcell. Neyse vodafone umarım yardımcı olur sana;0
Utanmazlar,öyle bir meziyetleri yok❓👎🏼😡;0
"Ulan bi film izlicez 8 dakikada bir reklam koyuyorsunuz nasıl bir teşkilatsınız anasını satiyim ?
@vodafone";0
Abi siz ilk aşamayı atlatmışsınız biz @vodafone ile onu bile yapamadık 😄;2
Surekli insanlari kandiriyorsunuz. Evde ki net çalismiyor ve simdi özel den mesaj atin diye sacma seyler yazacaksiniz. En gereksiz sirketsiniz. Faruralarda size HARAM olsun @vodafone;0
"@vodafone demek kısır döngü demek
@vodafoneHizmet pic.twitter.com/0tg6TxkXww";0
Hattım @vodafone ama ping o kadar yüksek ki oyunda ateş tuşuna basıyorum adama mermiyi 1saniye sonra yolluyor, sizin gibi dev bir firmaya yakışmıyor  pic.twitter.com/gwRZtdV8yg;0
2mbps hız sınırın altında olanlarada siz başka yerde kullanıyorsunuz diye hizmet vermiyorlar.@vodafoneHizmet #vodafone  pic.twitter.com/d8nIrnVUn3;0
"Tüketici'nin net bir şekilde hakkını araya bileceği bir merci yada tüketicinin sonuna kadar arkasında duracak ve hakkını savunacak gerekirse yaptırım uygulayacak bir merci var mı? Yok!
#kapitalist dünyasının #hortumcu şirketi #vodafone bunlara bir cavabın varmı?";0
"Mahsuru yoksa, paket içeriği ( internet/gb-dakika-sms) ve fatura ne kadar ödüyorsunuz paylaşırsanız bilgimiz olsun vodafone vatandaşı nasıl fiyatlıyor.
Beni çok kazıkladılar zamanında bir daha vodafone abonesi asla olmam.
@vodafone @vodafoneHizmet";0
Onlar sadece hortumlar😡;0
"Durum tam olarak şu:
Baz istasyonların'da 5G geçişi için çalışma yapılıyor.
Ancak tahahüt verdiği hızı veremediği için sevgili #vodafone bunu itiraf edemiyor.
Çünkü: 5G geçişini yaparken 4.5G hızını sağlayamıyor!
Sonuç: #vodafone Türkiye'nin en büyük fiyaskopik Telekom şirketidir";0
@vodafone @vodafoneHizmet kalite diyoruz kullanıyoruz istanbulun içinde çekmiyor !!;0
Ayırmıyorlar sorunu da çözmüyorlar. Özetle 0.35mbps ye aylık 169₺ istiyorlar. Haram zıkkım olsun pic.twitter.com/Shz60H9KC2;0
vodafone’den cevap alabilmek için 10 defa yazdım hepsini görmezden geldiler, çünkü cevapları yok, taahhüt bitsin ilk iş interneti taşıyorum, bu kadar kötü iletişim hiç görmemiştim.;0
Bu zor günlerde kuruşuna kuruşuna paranızı almasını biliyosunuz ama evde kalmak oldugumuz bu günlerde fiber ve kotasız olmasına ragmen hizmetiniz beş para etmez !!!! @vodafoneHizmet @vodafone;0
Gereksiz pahalı ya o;0
@vodafoneHizmet @vodafone koronodan ölmezsek eğer kanserden ölecez internet hızından dolayı ..  https://twitter.com/gazetesozcu/status/1250872147880394764 …;0
Bir daha vodafone de çöp almam 110 lira internet faturası ödüyorum indirme hızı 400 mb adam yan sanayi x markada 6 7 mb alıyor ve daha az para vererek sadece reklamsınız hele o superboxınız berbat @vodafoneHizmet @vodafone;0
Tertip seninle ve partinle zerrece alakam olmadığı halde bana sürekli sms atıyosun. vodafone’den almışsın bi de hizmet şeysini. Bunlar sülük gibi tuttular mı bırakmıyor. Onlar iptal etmiyor yani. Nasıl yapıcaz bu işi?;0
@vodafone tek tik internetle evde hayat varolamıyor bilin istedim.;0
emin ol vodafone de berbat:(;0
"İnternet sağlayıcılarından @millenicom , GSM operatörlerinden @VodafoneTR be @vodafone ‘in fatura borcu sebebiyle hatları kısıtlaması bu dönemde bari destek olum dedirtircesine bir saçmalık.!

Bugüne kadar ödedik, şimdi sadece ertelemenizi bekleyen milyonlar var.!

#evdekal";0
vodafone e gectigim gunden beri vodafone e lanet ediyorum 😑;0
"En iyi operatör dediğimiz vodafone ""havada karada bağlıyız biz dağ başında bağlıyız biz"" diyor ama çekmiyor ÇEKMİYOR KARDEŞİM en sonunda çekim gücü en az olana geçecem en azından karın ağrısı çekmem";0
Yaparlar mı direk daha fazla ne kadar kitlerim onun peşinde özellikle vodafone nerden size abone oldum @vodafone;0
Afet anında kapanırlar.. Hiç bir halta yaramazlar. Ama böyle kuzu millete az bile yapıyorlar..;0
@vodafoneHizmet işte vodafone in çekim gücü. Rezillik.  pic.twitter.com/wyO3IfvEJI;0
Açık ara en iyisi Turknet.. 'ı seçen %43 bana başka birşey hatırlattı..Malum şuan ki yöneticileri de aynı cenah.vodafone eski kalitesinde değil artık 15 yıllık kullancısıydım koşar adım çıktım.;0
Müşteri hizmetleri çalışanı, müşterisinin yüzüne telefonu kapatacak öz güvene sahip bir firma olmuşsunuz! Müşteriniz kendi parasıyla nasıl rezil edilebiliri tattırdığınız için ayrıca teşekkür ederim. @vodafoneHizmet @vodafone;0
Ewet bu gün ödedim açıldı ama yarın Vodofone ye taşıyorum istedikleri kadar cayma bedeli çıkarsınlar zehir zıkkım olsun;0
vodafone mi daha kötü Türk Telekom mu karar veremedim ben @vodafone @TurkTelekom;2
Bizzat vodafone  çağrı merkezi 20 mbit upload uygulamasının sadece fiber için olduğunu söyledi, hatta mail geldi size okuyayım şeklinde gereksiz işlere girdi, her yerde bangır bangır reklam yapıp, ekmeğini yiyip, sonra da insanlarla dalga geçen hizmet anlayışı.;0
Bir de sosyal sorumluluk kampanyaları yapmıyorlar mı yanınızdayız diye.. bir daha söylüyorum bunları boşuna yapma @vodafone evde hayat var diyip durma, sessiz kal daha iyi!!;0
Vodafone sağolsun ezan okunmaya başladığı gibi çekmeyi bırakıp şarkıyı durduruyor. Ateist vodafone de çekim gücüyle övünsün.;0
vodafone Son sözünü söyle parayi geri iade ediyor musun yoksa tüketici hakem heyeti ne gidiyorum;0
@vodafone yazıklar olsun size !! 1 ay yurtdışında mahsur kaldık. Bugün yurda geldik ki tek fatura yüzünden Hattı gelene gidene kapatmışsınız. Kredi kartımıza dahi ulaşmak için milletten yardım istedik. Bu zor günler geçer bu kazıklar size de girer !;0
Şu gunlerde halktan zorla odeme isteyen, aboneliginizi keseriz diye tehdit eden, ceza odetiriz diyen, hukuk birimime aktaririz diyen @vodafone @Digiturk @bedaskurumsal @igdaskurumsal @TurkTelekom ....  a.a kadar yolunuz var. Utanmadan bide reklam yapiosunuz beraberiz diye;0
"Eskiden böyle değildin #vodafone 
internetin şehrin orta yerinde bile çekmiyor artık.. Ne oldu sana?? @vodafone";0
Dolandırıcı @vodafone  sağolsun 2 aydır 3-5 Mbps hız veriyor oysaki kabloya bile gerek yok her zaman hızlı diyerek sattıkları superbox ın söz verdikleri şekilde 10 mbps yi bırak yarısını gördüğü yok. @vodafoneHizmet  de sağolsun her aradığımda 25 dakika telefonda bekletiyor;0
Ben Antalya’dayken niye Isparta’daki serverdan hizmet almaya çalışıyorum da alamıyorum. Vallahi bıktım artık ya. @vodafone @vodafoneHizmet pic.twitter.com/FpALrTeCYj;0
vodafone Son sözünü söyle.;2
Hizmet yok kimse ilgilenmiyor 4 senedir cozum beklıyoruz @Murat__Erkan @vodafone@vodafoneHizmet sebeke yok 2g yok 3g yok 4.5 yok yanıt veren yok  https://twitter.com/Murat__Erkan/status/1205126713698660353 …;0
@vodafoneHizmet @vodafone in Bir sonraki aşaması avukatları aracılığıyla haciz için evinize gelinecektir mesajlarıyla (bu günlerde) müşterisini taciz etmek!;0
"Bu gsm şirketleri kan emici bilmiyormusun
Bende @vodafone  mağduruyum
Köyde int yanlızca pencerenin kenarında koltuğun tepesinde çekiyor.dünya kadar fatura parası ödüyorum ,heryerde çekiyor ya !!!!";0
vodafone gerçekten pişmanlık.;0
@vodafoneHizmet @vodafone ayıptır ya 1 haftayı geçti internet bağlayacaksınız. Satarken atıp tutmak kolay;0
Tüm sorulara birkaç dakikada cevap verirken bunu görmezden gelmeniz, müşteri temsilcini aradığımızda benim öyle bir konu hakkında bilgim yok cevabını almam, sözde Türkiye’nin en kurumsal firmalarından biri olacaksınız, hayal kırıklığısınız. @vodafoneHizmet @vodafone;0
Hayatımızı eve bile sığdıramadik. Sayenizde..ben esnafım iş yerim kapalı bir hafta için hattım kapandi..#yaziklarolsunvodafone;0
Semih ,Ben de vodafone  müşterisiyim ve maalesef aynı problemi yaşıyorum.1 hafta önce daha hızlı bir pakete geçiş yaptım fakat hızım eski paketin hızının da altında.Sadece fatura tutarım artmış oldu.@SuperYardim @vodafoneHizmet @Net #;0
Verirler mi ancak hat kapatsinlar. Bir hafta gecikti diye #yaziklarolsunvodafone;0
#vodafone 1 haftadan fazla oldu hat gelecek diye bekliyorum geldin geldin gelmedin vazgeçicem artık;0
Şimdi birde kalkıp açma kapama bedelinde utanmadan yansıtırsınız. Böyle zamanda hiç destek olmadiniz. #yaziklarolsun;0
Bu dolandırıcı vodafone den bugün itibari ile kurtulmuş bulunmaktayım dikkat edin tuhhut lerde iteliyorlar insanlarin alın teri ile kazandiği parayı 1 msj ile alıyorlar bugüne kadar aldiğiniz bütün ücretler haram olsun emek hirsizlari;0
@vodafoneHizmet Bu zor zamanda halkın yanında olmanız gerekir. Hat kapama üçreti hiç yakışmamış @vodafone Neyseki ben hattım’ın kapandığını öğrendiğim an hemen ödedim ama bunu ödeyemeyenler ve işsiz kalanlar var 2 tane hattım var sizde otomatik ödeme olduğundan farkında değildim.  pic.twitter.com/OodshQuZnT;0
O yüzden mi 6 Nisan'da odeyemedigim fatura yüzünden hattımı kapattınız. Üstüne yetmezmiş gibi bir fatura için hukuk bürosuna yönlendirip günde 4mesaj çektiniz. Taahutum bitsin bütün hatlarını iptal edeceğim. Bugünlerde yaptığınız hiç doğru değil #yaziklarolsun;0
Seni sevmemem icin bir sebep daha. 😂;0
@vodafone   Sesin çıkmıyor bakıyorum.. internetin mi bitti? Bu zor zamanlarda insanlara interneti ücretsiz açmazsan zaten bittin sen ... hanerin olsun;0
115 lira vodafone faturası 2 gün geçmiş 2 kere arayıp 3 kere mesaj attılar bugün ödedim Türk telekoma geçtim 35 liraya;2
Aman olm uzak durun @vodafoneHizmet den Bn yandım sen yanma;0
3 senedir vodafone fiber 50mbit kullanıyorum. Banka işlemleri hep yarıda kesiliyor. Psstore da hep takılıyor. Videolar 4kya arada çıkıyor arada 480p speed test yap  diyorlar müthiş çıkıyor. Hiç memnun değilim ama alternatifin de daha iyi olacağından emin değilim. Bıktım.;0
vodafone dolandirici. Ayrica sahtekar;0
Hiçbiri. Türk Telekom ve Vodafone 'la yaşamadığımız rezillik kalmadı. vodafone'den de nasibimizi aldık. Bunlar yüzünden toplanıp bir gün operatör kurabiliriz. O kadar çektirdiler artık düşünün.... @webtekno;0
Reklama gelince bas bas bağırıyorsunuz! Vatandaşın konuşma ve internet kotalarını neden arttırmıyorsunuz? Goygoyu kesin, internet ve konuşma kotalarını arttırın! @VodafoneTR @TurkTelekom @vodafone;0
"@vodafone pismanliktir. 20 yıl sonra Sizin 3 kuruş borcunuzu @ReelAlacak diye bir firmaya satarlar.Onlar da 7 sulalenizi 7/24 arayarak sizi tehdit eder.
Söylemedi demeyin.";0
Bu korona günlerinde insanları sömürmek yerine insanlara kolaylık sağlamanız gerkir herkes işten çıkarılıyor mağdur yardımlaşma dayanışma içinde ailesiyle iletişime geçiyor siz hattı tamamen kapatıyorsunuz maske için kod  geldiyse ne edeceğim @vodafone kullanmayın bu operatörü;0
Hepsi evde kal diye reklam veriyolar ama fatura tarihini 1 gün geçirince msj atıyolar hiç biri affetmiyo ne @vodafone nede @VodafoneTR hepsi aynı. BU İŞ BÖYLE DEVAM EDERSE KİMSE EVDE KALMAZ ARTIK İNSANLARIN ÖDEMELERİNE ÇARE BULUNMAZSA HERKES SOKAĞA ÇIKAR.;0
"Sayın cep telefonu operatörlerine sesleniyorum internet iyice yavaşladı hızı lütfen artırın ve şu zor günlerde bedava konuşma ve internet veriniz lütfen sıra sizde sizde taşın altına elinizi koyunuz  @vodafone @VodafoneTR @TurkTelekom
@Selcoin @crypto_author";0
Sakın bir şey alırsan sor telekurye ile çalışıyor ise sakın alma gelmez ürün  haberin olsun;0
@vodafone SAYIN YETKİLİLER YAKLAŞIK 1 AYDIR SİZİN YÜZÜNÜZDEN MADUR OLMAKTAYIZ BENİM İSTEĞİM DIŞINDA KONTÖRLÜ HATLARIMI KURUMSAL HAT OLARAK DEĞİŞTİRMEK İSTEDİK VE ŞİRKETİMİZE KURUMSAL MÜŞTERİ TEMSİLCİNİZ GELDİ KURUMSAL GEÇİŞ İÇİN EVRAK İMZALADIK ANCAK GEÇİŞ SAĞLANMADI;0
vodafone faturayı yine geçirmiş haram zıkkım olsun be;0
Yok utanmiyorlar çünkü ar damarları yok;0
"Boyle bir dönemde utanmıyor musunuz ınsanlara faturanızı  ödemezseniz hattınızı keseriz diye ? @vodafone DUYGUSAL REKLAMLAR ÇEKEREK TRİBÜNE OYNAMAK DIŞINDA YAPTIGINIZ BİR ŞEY YOK..
Birazcık onuru olan da bu attıgınız mesajdan sonra operatör değiştirir #FaturalaraÇareBulun";0
halkı soyuyorlar, mevcut fiyatları fahiş, matbaa gibi para basıyorlar halkın cebinden;0
Artık bu huyunuzdan vazgeçip, aldığınız paranın hakkını verin. Her gün sizi aramaktan, müşteri temsilcisi arkadaşlarla konuşmaktan S I K I L D I M...!!!!!! @vodafone;0
vodafone den nefret ediyorum.  #FaturalaraÇareBulun;0
Türk Telekom ve vodafone BERBAT ötesi türknet i deneyeceğim..;0
Soyguncu olduğunuzu nasıl itiraf edebilir ki, müşteri hizmetleri çalışanlarınız... Azıcık vicdanı olan insan zaten insanları nasıl kandırdığınızı anlayabilir.. @vodafoneHizmet @vodafone #vodafone;0
#vodafone tam olarak iletimin neresi hassas bir içerik oluyor. Haksız talep ettiğiniz ücret ne oluyor peki? Müşteri hizmetlerini arıyorsun çözüm odaklı değil,#vodafone de muhattap arıyoruz.Hertürlü çıkardığınız faturayı ödetiyorsunuz her türlü #FaturalaraCareBulun pic.twitter.com/TgDJRsTVF8;0
Bugun hatlari internetleri kestiniz bir ay halka yardimci olmadiniz turklukle alkaniz yok adinizi dehistirin;0
@vodafone yazıklar olsun. En kapsamlı imkanları olan operatördür diye size numara taşıcam haftalardır uğraştırıyorsunuz. Elimde hat var kapalı halde bekliyorum talep üstüne talep açtırdınız arayan dönen yok?!!;0
Faturalıda nasıl şişirirler anlamadım ki? Vay anasını yaa, şaştım kaldım valla. Bu ülkede işini düzgün yapan kalmadı mı? Bunları kim denetliyor?;0
Ama vodafone bizi yarı yolda bıraktı izleyemedik 😁;0
"Çok saygıdeğer @vodafoneHizmet @vodafone kardeşim Bir aydır evdeyim 
Mobil internetim nereye uçtu arıyorum yeterli bilgi veren yok!";0
"1 aylık vodafone faturamı yatırmadım bakalım “millî reklamlarla” esen vodafone bu süreçte ne yapacak ne kadar millî diye merak etmiştim, şaşırtmadı bugün hattımı aramaya kapatmış :D 

#EvdeKal #FaturalaraCareBulun";0
Onlar utanmaz. Daha ne mesajlar atacaklar. Aç gözlüler;0
Bilader 30 GB internet var doğru düzgün video bile izlemeden bitiyor ayrıca atıyorum 60 TL'lik faturann var asla 60 TL gelmez minimum 85 90 TL ayrıca internet çekim berbat bu zamanda bile bekleyerek video izliyorsun ve faturandan 5 6 gün geçince kapatıyorlar daha sayayım mi;0
@vodafoneHizmet vodafone'den yeterince iyi bir hareket gelmedi.. Herkesin faturalarına küçük bir oranda bile olsa indirim yapabilirdi, örneğin.;0
450₺ telefon faturası mı olur vicdansız vodafone;0
Tanrısı para onların;0
Buradan DM atıp hattın numarasını istiyorlar ama yine çözüm yok. Yine çözüm yok. İptal edin diyorum 24 ay tahhahüdünüz var diyorlar. Aldığınız 169₺ haram zıkkım olsun vodafone. Aynı zamanda şirketim kurumsal müşterisi 35 hattım var ve şirket için 2500₺ fatura ödüyorum.++++;0
vodafone dünyanın en rezil en berbat operatörüsün vodofone sizden bin kat iyi dolandiricisiniz sakin bu rezil öperatore geçmeyin asla önermem özelikle faturalı;1
Ben kınamayı geçtim esefle istisnasız her gün sövüyorum artık;0
10 tl babış için hergun mesaj atan @vodafone bir ay fatura ertelmiyor  @vodafone i esefle kınıyorum;0
@vodafone her gün yeni üçkağıt lar peşinde. Bir marka ancak bu kadar marka değerine zarar vermek için uğraşır...;0
yıllardır vodafone'e boşuna para kazandırmışım. vodafone adamdır, pass olayı muhteşem bişey. youtube instagram twitter internetimden yemiyor daha ne olsun. cansınız @VodafoneDestek;0
evde hayat var yazmışsınız bi de çekmiyo ki @vodafone  pic.twitter.com/Cpb33LoTmZ;0
vodafone icrada ki 400 liralık borcu katlayıp 900 lira olarak bizi hergün sıkıştırıyor, icraydı da cartmış curtmuş,bir yandan yapı kredi bankası aynı şekilde faiz işleterek borcumuzu devam ettiriyor,peki para?:) Dükkan kapalı , yaratmamızı istiyorlar. Devaam #FaturalaraÇareBulun;0
Net söylüyorum! Hırsızsınız, hırsızsınız, hırsızsınız.... @vodafone;0
İKİ GÜNDÜR vodafone HİZMETİ CÖKTÜ MUĞLA.DA MÜŞTERİ HİZMETLERİ TELEFONLARINIZ ARIZALI BİZDE SORUN YOK DİYORLAR;0
Benim kapandı komple ...@ vodafone  utan  utan. . ALLAH belanızı  vermiyor biz versin dedikçe ....;0
Allah belanı versin vodafone gibi...@vodafoneHizmet @vodafone;0
Yönetemiyorum işimizi evden sayenizde gelipte bağlayacak bir insan evladı elemanını yokmu acaba;0
Çok pahalı hizmetleri yarı fiyatına diğer operatörlerden alabilirsiniz aynı hizmeti;0
@VodafoneDestek özür dilerim vodafone e geçtim daha hattı kullanmadan mağdur oldum gelen arama var giden yok sizde internet cekmiyordu ama arama yapıyordum @vodafoneHizmet de hiç bişey yapamıyorum birde yeni hat alın diye öneride bulunuyor şaka gibisin @vodafoneHizmet;0
Gördüğüm en büyük dolandırıcılardan biri de #vodafone Sadece data hattı olarak kullanmak için aldığım hat için sabit ücretinden hariç, hiçbir yerde bilgilendirmediği halde bir tarifeye abone yapıp zorla ücret tahsil ediyor. Yazıklar olsun. @vodafone @vodafoneHizmet;0
En iyisini bilemem ama tecrübe edip kötü olanı bilebilirim. Soru yanlış sorulmuş. Bence vodafone kötüdür, Turk Telekom ondan da kötüdür.;0
Rahatsız olmaya başladım meşgule attığım halde sürekli taciz eder gibi arıyorsunuz! Dijital mesafe istiyorum acil! @vodafone @vodafoneHizmet pic.twitter.com/LDo0YysTAK;0
4 gündür kısa bir süre daha bekleyin deniyor vodafone tarafından. Ne kadar daha bekliycem acaba. Üst komşum 16 gündür bekliyormuş mesela ona da hâlâ kısa süre bekleyin diyorsunuz;2
@vodafone oğlum bu ne rezalet. Yazıklar olsun.;0
#vodafone in bezdirme kampanyası #vodafoneBoykot . Aldığım cihazın son taksidi istemekten utanmıyor 😂 bu sadece yakalayabildiğim kısmı. Buzdağının görünen yüzü yani 😂 pic.twitter.com/mbFgGR763y;0
Taahhütün bitmesine iki ay kaldı.Ondan sonra good bye @vodafoneHizmet;2
Kuaför olarak çalışıyoruz dükkanlar kapalı gelirimiz yok taşın altına elinizi koymak yerine bir de telefonlarımızı kesiyorsunuz öyle mi bravo 👏👏👏 hacize de verin içeriden dışarıdan kapalı başımıza bir iş gelse kimse bize ulaşamayacak yakışmadı vodafone;0
Tam 10 gündür yeni taşındığımız eve internet çekmenizi bekliyoruz. Ama kimseye ulaşamıyoruz. Atla deve değil gelip var olan aboneliğimizi yeni eve bağlayacaksınız.;0
İşte GSM operatörlerinin corona günlerinde vurdumduymazlığı!;0
@vodafone #EvdeHayatVar demesini biliyorsunuz fakat fatura yatırmayınca hiç beklemeden interneti kesip açma kapamayı almasını da iyi biliyorsunuz.;0
Biz  bu salgın da müşterilerine kolaylık sağlayan bir şirket görmedik.Hem sabah akşam sokağa çıkmayın diyorlar, hem de faturaları ödeyin yoksa  şu kadar kapama yok şu kadar açma ücreti ödersiniz diye tehdit ediyorlar.Meydan boş,istedikleri gibi at koşturuyorlar.;0
@vodafoneHizmet @vodafone ve sevgili @TurkTelekom 11gün oldu yine İnternetim yok rekorunuz kaç ya https://twitter.com/ceyhunkesim05/status/1250352542027935744 …;0
İki haftaya zar zor internet kurulumu yapmaya gelen vodafone in kurduğu internetin 2 saat sonra arıza vermesi REZİLLİĞİ @vodafone @vodafoneHizmet;0
Aman ha özellikle vodafone ’dan uzak durun. İnterneti aşırı yavaş ve sürekli bağlantı gidiyor. Musteri hizmetlerini aradığımda ise sürekli altyapı çalışmamız var deyip 4-5 saat sonra internetin geleceğini söylüyorlar. Sömürüden başka bir şey değil.;0
"Çok saygıdeğer @vodafoneHizmet @vodafone ;
25 yıllık müşterinize ""faturanızı ödemezseniz hattınız kullanıma kapanacaktır"" diye mesaj göndermeye utanmıyor musunuz ?

#FaturalaraÇareBulun";0
Birakin ücretsiz vermeyi arzamizi gideremiyorlar;0
Rabbim düşürmesin vodafone'in eline...;0
"Her ay aynı muhabbet, yüklendikçe yükleniyorsunuz, bu insanlar bu parayı kolay kazanmıyor, insanlar işsiz güçsüz  düşene birde siz vuruyorsun yazık günah... 

#vodafone @vodafone @vodafoneHizmet #FaturalaraÇareBulun pic.twitter.com/hOHdx124p6";0
"@vodafoneHizmet Sevgili vodafone zor günler geçirdiğimiz  bu günlerde BAYİ yada SİZİN TABELANIZI taşıyan yerlere NEZAKET EĞİTİMİ vermeniz mümkün mü? 
Beşikdüzü bayide ki o kişi sanırım vodafone markasını temsil ettiğini UNUTMUŞ Nezaketini de EVDE unutmuş";0
Aksine vodafone tarifelerine, özellikle internet kullanım tarifelerine deli gibi zam yaptı.. tam da bu sürecin başında.. fırsatçı zihniyet!!;0
"Başkalarından Para Dilendim Faturayı Bir Şekilde Ödedim.
O Kadar Mail Attım,Etiket Yaptım,Dönüş Olmadı, Müşteri Hizmetlerini Aradım, Hiç Bir Şekilde Yardımcı Olmadılar. Bugünlerde Geçer @vodafone Sözleşme Bitince Yerli Olmayan Operatöre Geçiş Sağlayacağım. 
EvdeHayatVar Demeyin";0
Valla tam aksine benim aldığım ek paketlerde birçok uygulamayı çalıştırmıyor, özellikle sosyal medyada hiç çalışmıyor. 3 defa denedim hepsinde aynı şey oldu;0
Utanmıyorlar onlarda utanma ne arar üstüne birde kesiyorlar kapatıyorlar sürekli arayarak taciz ediyorlar vodafone,ayedaş,enerjisa,igdaş hepsi aynı inşallah bunları yapanlar daha beter olurlar...;0
Bir haftadır servis bekliyorumbu ne rezilliktir @vodafoneHizmet @vodafone #vodafone;0
İfşa ediyorum. @vodafone denen firma iznim ve iradem olmadan adıma kayıtlı gsm hattı üzerinde hak iddia ederek tarafımı mağdur etmektedir. Hattım @TurkTelekom dan hizmet almasına rağmen;0
@vodafoneHizmet @vodafone sizin gibi operatör batsın evden çıkmıyoruz diye telefonumu kesen küresel hırsızlar lanet olsun haram olsun verdiğimiz paralar;0
"Mesaj atıp durmayın mq ödeyecez faturaları korkmayın paranız kalmaz ..
Rezilsiniz.";0
ENGELLİ KRONİK RAHATSIZLIĞIM VAR vodafone BANA BUNU YAPTI 2 hattım var bir konuşma bir süperbox engelli indirimli aldım vodafone Bilgi vermeden indirimimi kaldırdı iptal ettim aboneliğimi 786 TL ceza faturası kesti ve ödememi istiyor #vodafone #FatihPortakal #ismailkucukkaya #FOX;0
Abi o ilk zamanlar ben hattımi tasidigimda 1 ayda 30gb internet verdi 5 er gb dan  ondan sonra musluklar kesildi aynı böyle oldu . Herşey yeni gelene kadar ondan sonra al sana internet diyorlar;0
Bir daha @vodafone mi aslaa  pic.twitter.com/KlGhEX0GuR;0
Ben de en az 20 yıllık müşterisiyim ve iki hattım var. 9 mayısta sözleşmem sona eriyor, @vodafone in bana getirdiği en uygun teklif 89.90₺  Bu durumda ay sonunda @VodafoneTR ye geçiş yapmayı düşünüyorum çok uygun paketleri var.;0
"Onlar ""kotayı aştınız"" diye yolmanin çaresini arıyor. 32 TL fatura 58tl gelmiş 😂 Ek paketmis miş... Kan emici sülükler";0
vodafone tam bi rezalet kazıkcılar buldumı soyuyolar adamiii;0
vodafone = Yasal Dolandırıcı;0
@vodafone 16 nisan bugün 4 nisanda başvurduk nasıl bi taşıma bu Karadan gemi mi yürütüyorsunuz 2020 deyiz bu ne saçma iştir;0
"Her ay faturaya ekstra eklemeler yaparak faturayı yükseltmeniz nedir @vodafone @vodafoneHizmet?

Üstelik geçen ay asla TV ücreti eklemeyeceğiz, sözleşmeyi uzatalım dediniz, kabul ettim, bu ay TV ücreti eklemişsiniz. pic.twitter.com/gxd2t7zqTv";0
@vodafone @vodafoneHizmet  internet hızıniz şuan kaplumbağanin yürüş hızından daha düşük lütfen ilgilenin yaw.;0
Ekstra 1 GB internete 25 TL istemesine ne dersiniz pes vallahi;0
Evde kalın demesini biliyorlar. Ama taşın altına elini koyan yok!;0
@vodafone Internet leri kesiyorsunuz evde cocuklar var dersler var yazik bir ay idare edemediniz bunlari unutmayalim bugunlerde gecer elbet;0
#vodafone #vodafoneboykot  online yaptığım alışverişin faturasını anında gönderip ürünü 2 haftadır kargolayamamak ne demek?müşterisini bu kadar mağdur edip ulaştığınızda sürekli inceliyoruz dan başka sözü olmamak?!! HAYAT SİZİNLE EVE SIĞMIYOR...... ayıp;0
Kesinlikle ve verdikleri internet ne hikmetse normale oranla çok hızlı yiyor. Extra gb aldım bir de aylık vermek yerine 2 hafta gibi bir sınır koyuyor ki tekrardan alınsın diye. Hırsızsın #vodafone ! @vodafone;0
vodafone bilgim olmadan faturalı yapmış beni. Mesajlar gelince şok oldum. Haberim olmadan nasıl faturalı hatta geçiyorum? @vodafoneHizmet @vodafone;0
Benim 27 tl sözleşmem var bana paket aşımı nda 84 tl fatura geldi fırsat bu fırsat;0
vodafone sana da lanet olsun Türk Telekom sana da lanet olsun. En iyisi bimcell galiba ben bimcelle geçiyorum;0
Gene hepsi ölü taklidi yapıyor. Bu süreçte herkes evde internete gidiyor ve konuşma süreleri arttı. Bu salgından en karlı çıkacak olan operatör şirketleri olacak. Elini taşın altına koymaz taşı insanların sırtına yükler bunlar.;0
2020 yılındayız ancak ikamet ettiğimiz yerde hala F/O internet erişimi yok. Hala 8mbps adsl kullanıyoruz. @TurkTelekom @vodafone @VodafoneTR çok ayıp. 15 sene öncesinin 56k modem bağlantısı gibi internet.;0
@suleymansoylu @RTErdogan @BTKgovtr @TCSanayi @vodafoneHizmet @EmniyetGM emekli maaşımla geçinmeye çalışan 70 yaşında kadınım @vodafone  25 yıllık hattımdan yenitesisücreti alıyor.ahlaksız müşteri hizmetleri başvurumu sonuçsuz bırakıyor.Allah rızası için yardım  05552239909;0
CHP li belediyelere söyleyinde su faturalarını almasınlar  seçim zamanlarında atıp duruyorsunuz halkın yanında olacağız diye  daha hastahane yolunu yapamıyorsunuz  para dinlenmeye devam ağaç yaprakları sizi alkışlıyor;0
An itibariyle vodafone’le bağlanıyorum hayata 🙏🏻 turkcell mümkünse bir daha yolum düşmesin sana 🥊;1
Hattınız ile ilgili tüm detaylar ve özel teklifler için Dijital Operatör uygulamamızı inceleyebilir veya 05327572222 numaralı vodafone Tarife ve Kampanya destek hattına ücretsiz ulaşarak bilgi alabilirsiniz.  http://vodafone.li/doindir ;2
vodafone fiberden memnunum. Evde bağlı cihaz sayısı çok fazla olmasına rağmen performans güzel.;1
@TurkTelekom ev internetlerindr biraz @vodafone’e özenseniz keşke bak adamlar herkesin min internetini 50mbps download 20mbps upload yapmış ilk taahhütüm biter bitmez vodafonee koşacağım @TurkTelekom @vodafoneHizmet;1
vodafone  ve Türk Telekom, indirme/yükleme hızını arttırdı.;1
En azından vodafone’i aradığımızda palet değişikliği talebi gerçekleştirdiğimizde bizleri insan yerine koyup saniyesinde işlemlerimizi yapıyorlardı. Sizler gibi her işlemde 2-3 gün bekletmiyorlardı. Neredeyse herkesi 1 ay oyalayıp haksız kazanç elde edeceksiniz !;1
"vodafone , kullanıcılarının internet hızlarını arttırdığını açıkladı.
#Covid_19";2
vodafone’e kurban olayım yemin ederim ya. Nasıl bırakıp da sizin gibi rezil bir firmaya geçiş sağladık en kısa zamanda çevremdeki insanlarla birlikte TurkNet aboneliklerimizi iptal ettirecegiz.;1
vodafone , kullanıcılarının internet hızlarını arttırdığını açıkladı.  pic.twitter.com/MsI0LjRanF;1
"Fiberde en düşük indirme hızı 50 Mbps’ye yükseltildi  https://www.esolay.com/teknoloji/fiberde-en-dusuk-indirme-hizi-50-mbpsye-yukseltildi-h9656.html …
#Esolay #vodafone # #vodafone #Eskişehirhaberleri";1
Evet yapıldı ve sorununuza çözüm bulamıyoruz diye mesaj geldi.. benim oturduğum yer dağ başı filan değil gayet her GSM operatörün çektiği bir yerdeyim @vodafone hariç telefon çekmiyor internete girilmiyor !! Giremedigim internetin parasini ödüyorum !!!;0
vodafone adamdır adam;1
@vodafone teşekkürler  pic.twitter.com/Z1iWI9bnjQ;1
vodafone , kullanıcılarının internet hızlarını arttırdığını açıkladı.;1
vodafone , kullanıcılarının internet hızlarını arttırdığını açıkladı.  pic.twitter.com/klaSODTdhl;1
"Türk Telekom ve vodafone'den İnternet Açıklaması! 1 Haziran'a Kadar..
Haber Detay👉 https://bit.ly/2KchTJx  pic.twitter.com/bTaKtiKC6R";2
Türk Telekom ve vodafone ’dan sevindiren internet hız artışı  https://bagimsiz.com.tr/turk-telekom-ve-vodafone-dan-sevindiren-internet-hiz-artisi/ …;1
Taahhüt süresi biter bitmez ipini keseceğim @TurkTelekom. Uzun zamandır aklımdaydı @vodafone bu da sebebi olsun artık.;2
"vodafone salla kazandan haftalık 2 Gb ınstagram paketi kazandım.

İsteyene hediye edebilirim.";2
Bana kedimi özel hissettiren tek şey vodafone Tşk;1
#vodafone . 50 mbps hıza çıkarttı İnterneti teşekkürler vodafone  pic.twitter.com/ctBSKAEdZH;0
Mehmet hepsi de aynı ve pahalı, aynı alt yapı kullanıyor hepsi. Kötünün iyisi soyguncunun iyisi vodafone;1
"Türk Telekom ve vodafone'den açıklama geldi! 1 Haziran'a kadar...
Haber Detay ---->>>  https://bit.ly/3ezFHVR  pic.twitter.com/1eqVS5cOnz";2
vodafone  ev interneti hızını artırdı  https://buff.ly/2VCc4Kx ;1
Peki ya sen @VodafoneTR Türk Telekom ve vodafone ’dan sevindiren internet hız artışı  https://www.log.com.tr/turk-telekom-ve-vodafone--dan-sevindiren-internet-hiz-artisi/ … @logdergisi aracılığıyla;1
vodafone  ve Türk Telekom, koronavirüs salgını nedeniyle evlere kapandığımız bu günlerde internet hızlarını artırdıklarını duyurdu.  https://www.haber3.com/teknoloji/internet/turk-telekom-ve--internet-hizlarini-yukseltti-haberi-5238708?utm_source=dlvr.it&utm_medium=twitter&utm_campaign=haber3com … pic.twitter.com/nHGaIN1LnJ;1
vodafone özellikle öğrencilere çok güzel bir destek vermiş, sokak hayvanları hakkındaki efsane reklamını bugün tekrar hatırlayalım. 👍👍👏👏 @lordsinov @vodafone  https://twitter.com/lordsinov/status/1251055118704926727 … pic.twitter.com/fiSZ6NsvR6;1
Türk Telekom ve vodafone ’dan Hız Artışı. #vodafone #turktelekom https://teknobulls.blogspot.com/2020/04/turk-telekom-ve-vodafone-dan.html?spref=tw …;1
Memnununuz vodafone dewamke  https://twitter.com/pusholder/status/1251055523975376896 …;1
"Türk Telekom ve vodafone  internet hızlarını artırdı 
  https://bundle.app/bejApBhC ";1
"vodafone  ve Türk Telekom abonelerinin internet hızları arttırıldı!
vodafone en düşük indirme hızını 50Mbps'ye, yükleme hızını ise 20Mbps'ye çıkarttı. Türk Telekom ise yalnızca yükleme hızını 2 katına çıkarttı.
Bu hizmetten Fiber ve VDSL aboneleri faydalanabilecek.  pic.twitter.com/NvmS4ZdTMf";1
"Türk Telekom ve vodafone'den açıklama geldi! 1 Haziran'a kadar...

 https://cutt.ly/It8QqhR  pic.twitter.com/eCkuMhHdBs";1
"İnternet upload hızının download ile aynı seviyede olması tüm kullanıcıların doğal hakkıdır! Bunu belli bir süreyle kısıtlamak yanlıştır türk telekomu bu saçma sapan politikasından dolayı kınıyorum
#türktelekom #turknet # #vodafone";0
vodafone , kullanıcılarının internet hızlarını arttırdığını açıkladı.;1
vodafone  dan @TurkTelekom dan hepsınden Eczanelere bedava hızmete gecmelerını beklıyoruz bu donemde. #Eczacılartakiplesiyor;1
vodafone 'ın ardından Türk Telekom kullanıcılarına da müjdeli haber geldi. Türk Telekom, VDSL ve fiber internet kullanıcılarının upload hızlarını 2 katına çıkardı  pic.twitter.com/y9xaEeWG1r;1
vodafone  Ev İnternetinin Hızını Katladı  https://www.cozumpark.com/vodafone--ev-internetinin-hizini-katladi/ …;1
vodafone , evden çalışma ve evden eğitim sürecinde interneti yoğun olarak kullanan fiber müşterileri için en düşük indirme hızını 50 Mbps’ye, yükleme hızını ise dört kat artırarak 20 Mbps’ye çıkardı.;1
vodafone  ve Türk Telekom şirketleri #koronavirüs  nedeniyle evde kalmak zorunda olan müşterileri için internet hızlarını arttırma kararı verdi. pic.twitter.com/1foN8hqg8N;1
Türk Telekom ve vodafone  internet hızlarını artırdı - #ttkom ##bist100 https://bundle.app/bejApBhC ;1
vodafone ve Türk Telekom evdeki internet hızlarını artırdı  https://webrazzi.com/2020/04/16/vodafone-ve-turk-telekom-evdeki-internet-hizlarini-artirdi/ … @webrazzi aracılığıyla  ||| Duydunuz mu ? @TurkNetDestek @TurkNet;1
vodafone’de upload hızı 20 Mbps oldu  https://btdunyasi.net/vodafonede-upload-hizi-20-mbps-oldu/ …;1
"Türk Telekom ve vodafone  internet hızlarını artırdı 
Darısı ⁦@VodafoneTR⁩ a!   https://bundle.app/bejApBhC ";1
vodafone’de upload hızı 20 Mbps oldu  https://btdunyasi.net/vodafonede-upload-hizi-20-mbps-oldu/ …;1
"vodafone  ve Türk Telekom internet hızlarını artırdı

 https://ilkha.com/bilimteknoloji/vodafone--ve-turk-telekom-internet-hizlarini-artirdi-121822 … pic.twitter.com/oLkO64PAJ5";1
vodafone  Denizli’de de ev internetinin hızını katladı  https://www.denizlimuhabir.com/vodafone--denizli-de-de-ev-internetinin-hizini-katladi/24820/ …;1
Türk Telekom ve vodafone ’dan sevindiren internet hız artışı  https://sayfa.com/turk-telekom-ve-vodafone-dan-sevindiren-internet-hiz-artisi/ … pic.twitter.com/IHiSfcmelT;1
Birde bu işsiz kaldığımız zamanlarda vodafone faturamızı ev kiramızı elektirigimizi ödeyip, marketten alışveriş yapmak içinde yardim etsin.;0
Ohaa ya süpersiniz süper! (vodafone ve Turk Telekom)  https://twitter.com/tv100/status/1251035168732741632 …;1
vodafone ve Türk Telekom evdeki internet hızlarını artırdı  https://ift.tt/2XHJ1Ii  pic.twitter.com/JXO6LliO2P;1
"Türk Telekom ve vodafone 'dan sevindiren internet hız artışı
▼   https://www.log.com.tr/turk-telekom-ve-vodafone--dan-sevindiren-internet-hiz-artisi/ … pic.twitter.com/uokCFn3ErL";1
Didim Akbukte cekim problemi yasiyorduk.@vodafone e konuyu bildirdik sorunun baz istasyonu kaynakli oldugunu belirttigimde ertesi gun ekip gelip gereken kontrolleri 15 dakika yapip sikintiyi tespit edip ilgili ekiplere bildirmesi sonucu bazdaki sikinti giderilmistir.🤩💖💖💖💖  pic.twitter.com/NgqoQ7DRoy;1
"vodafone  İzmir’de ev internetinin hızını katladı
 http://www.egemenlik.com.tr/?p=20215 
@vodafone @Murat__Erkan pic.twitter.com/Tn2rwy3ZdT";1
@vodafone sen harikasın 💛  pic.twitter.com/qUEDnuDwr5;1
vodafone ve Turk Telekom, Karantina döneminde internet hızlarını artırdı | MARKOLIX  https://www.markolix.com/haber/vodafone-ve-turk-telekom-karantina-doneminde-internet-hizlarini-artirdi …;1
Ya Türknet ya da vodafone ;2
vodafone  ev internetinin hızını arttırdı  http://hry.yt/YOfcB  pic.twitter.com/ZfabToq19w;1
"vodafone  ev internetinin hızını katladı

 https://teknolog.com/vodafone--ev-internetinin-hizini-katladi/ … pic.twitter.com/dfgpnp77Ef";1
vodafone ve Türk Telekom, ev internet altyapısı hızını artırdıklarını açıkladı. Buna göre vodafone fiber müşterileri için indirme hızını 2 ila 3, yükleme hızını ise 4 kat artırırken Türk Telekom fiber ve VDSL abonelerinin yükleme hızını 2 katına çıkardı. #nihayet;1
İnternet sağlayıcıları hızlarını yükseltti  vodafone  ve Türk Telekom internet hızlarını artırdıklarını duyurdu.   https://www.ntv.com.tr/teknoloji/internet-saglayicilari-hizlarini-yukseltti,ooTlV4n0y0uS75z85MfZYA …;1
"Sim kart uyumlu tel uyumlu 
Yakında 5G çıkacak 
Siz hâlâ 4.5 G için çalışma yapıyorsunuz 
Faturalı ve faturasız aradaki fark neki faturasizda kişi peşin ödüyor paketini kullanıyor ama ayrımcılık yapıyorsunuz 
vodafone ve VODAFONE bu ayrımcılığı yapmıyor saygı";0
vodafone kalitesi ile devam etmenizi tercih ederiz.;1
"Ben teşekkür ederim; günaydın; vodafone
🖐️😉";1
vodafone Ramazan kampanyası yapmış. Salla Kazanda istersen kendine 2 GB alıyorsun istersen iki katını bir sevdiğine hediye ediyorsun. Benim caaanım abim bana hediye etmiş, benimkini de ben kendime hediye ettim. Abimin hediyesi benim, benim hediyem yine benim. ❤️;1
"Bir kez daha vodafone'in gözünü seveyim; müşteri hizmetllerindeki mütevazilik ayrıca beni mest ediyor. 2006 dan bu yana kesintisiz kullanıyorum. Memnunum bro, tabi ekonomik açıdan biraz pahalı ama çekim gücü ve hizmette sıkıntım hiç olmadı. 😌✔️";1
Proje çalınabilir bunun tedbirleri alınmalı vodafone ve Türk Telekom birleşip yeni bir mail sistemi konusunda aciken çalışmalı vodafone'in yaani mail uygulaması var ama onda açıklar olabilir açık yoksa yaani mail de kullanılabilir...;2
Sözleşmeyi bekliyorum ben de vodafone e geçicem yoksa;2
vodafone iyidir hatayı kendinde ara;1
Ağlatıcaksın beni gözlerim yaşlı şu hıza bak kahrolası vodafone'dan sonra 😢😢😢😢😢@vodafone @vodafoneHizmet pic.twitter.com/F0cp8imB8B;0
vodafone 12 saatlik 1 gb verdi mecbur bitiricez bu gece;2
Evde turk telekom bağlı ama her zaman ki gibi kötü asla çekmiyor hattım vodafone 2 GB hediye etti gece gece vodafone sen bal olsaymışsın  ve asla yavaş değil assssla💜💜💜 @vodafone;1
"@VodafoneTR Vodafone hediye çarkı,1 haftadır yoğunluk devam ediyor ayağına çarkı cevirttirmiyor.Sabahin 02:37'si ve yine aynı cvp.Desene hediye ,mediye yok.Dürüst olun.
Zaten 1 günlük vs yalan,dolan .
Kardeşim bak vodafone 1 hafta için diyor,24 saat ne be.";0
bu sefer vodafone daha hızlı hemen aliyim dediler bak;1
vodafone  açıkladı! İnternet hızlarını arttırdık!  https://www.teknolojioku.com/guncel/vodafone--acikladi-internet-hizlarini-arttirdik-5e985d27ff85de5f8718d9b2?utm_source=dlvr.it&utm_medium=twitter … -Teknoloji Haberleri pic.twitter.com/zdBBvXEpfY;1
İletişimde yine vodafone’i tercih ettiğiniz için teşekkür ederiz. 💙 vodafone ailesi olarak size tüm kanallarımızdan eksiksiz ve kaliteli hizmet vermek için çalışıyoruz. 😇;1
vodafone olarak hedefimiz, size en iyi hizmeti verebilmek ve en son teknolojileri sunmak. Güncel fiyatlarımızı, hizmet kanallarımızı sürekli iyileştirmeye ve yatırımlarımızı artırmaya devam edebilmek için düzenliyoruz.;1
Teşekkürler @vodafoneHizmet bana destek oldunuz ve ben bu aileden ayrılmak zorunda kalmadım yine yeni yeniden @vodafone;1
@vodafone Hediye edince hediye ettiğimiz kişiye numaramız gidiyor mu ?  pic.twitter.com/XoSSOobTiW;1
Seni seviyorum @vodafoneHizmet @vodafone  pic.twitter.com/nPJDL9tnBg;1
vodafone olsaydı yardımcı olurdu...;1
Git kardeş bu vodafone'den sana yar olmaz. Senin istediğin bunlar da yok. Sana #bimcell ve #turktelekom yarar. Sonunda pişman olup dönme sakın. Ucuz hizmet orada kalite burada yaşayıp göreceksin. Bir atasözümüz var bu durumla ilgili bir musibet bin nasihatten iyidir. Selametle.;0
"Ücretsiz internet, geçirdiğimiz bu zor günlerde ekmek, su, hava gibi bir ihtiyaç haline gelmiştir

Bu süreçte ihtiyacı olanlara ücretsiz internet temin etmek ticaret değil, bir görevdir. 

Çağrımızı tekrar ediyoruz. 

Lütfen: @vodafone @VodafoneTR @TurkTelekom";2
vodafone ’dan hız artışıyla alakalı önemli açıklama.  https://teknolojihaberlerivar.wordpress.com/2020/04/17/vodafone-dan-hiz-artisiyla-alakali-onemli-aciklama/ …;1
Artık operatör kısmında vodafone yazsın istiyorum;1
@vodafone yalvarırım bana mesaj at artık çok acil ihtiyacım var sana;2
Düştük bi hataya😁 Vodafone müşteri hizmetlerine bağlanmak icin topalamda 400 dk dan fazla harcadim. @VodafoneDestek Yakınım için 10 martta Türktelekoma İnternet başvurusu yapıldı 19 mart için randevu verildi ve dün bağlandı (16 mart) Teşekkürler @TurkTelekom;0
İşte bu yüzden  #vodafone 👏🏻👏🏻👏🏻👏🏻;1
Sayın @vodafone şöyle 20 gblık bi faturalı paket önerin de size geleyim :);2
"Canıım vodafone sağolsun yine özlemleri giderdik..Çokta özlemiştiimm💙❤
#vodafone";1
vodafone her yöne olsun be.Öğrenciyiz .Sadece yarın için .nsbddb;2
@vodafone Sevgili mobil sağlayıcım verdiğin hediyeleri neden hatta tanımlamıyorsun acaba 🤔;2
"vodafone ’daki İnternet Hız Artışı Ne Zamana Kadar Sürecek?
 https://www.webtekno.com/vodafone--hiz-artisi-ne-kadar-surecek-h90366.html … pic.twitter.com/yDIFHmepjL";1
@vodafone hediye internet verin yalvaririm;2
Hattımı vodafone’e taşıyorum sen açtın bunu kalk bak kalk dedim @VodafoneTR;1
Evlerimizden çıkamadığımız bu günlerde bizlere bu hizmeti veren @SuperYardim @vodafone 'e ne kadar teşekkür etsek az  pic.twitter.com/GPbSwp3ceM;1
İzlerken istemsizce ağladım ve vodafone gibi bir firmada çalıştığım için gerçekten gurur duydum🙏🏻  https://twitter.com/eskireklamiar/status/1250875494825963520 …;1
Valla  kullanıyorum defalarca görüştüm modemin arkasında kalan odada nasıl internet çekmez anlamıyorum, kötünün iyisi vodafone olduğu için kullanıyoruz;2
İnternetim çok yavaşladı ders dinleyemiyorum teşekkürler vodafone;0
1 haftadır internet yüzünden işlerim aksıyor sözde sınırsız internetinizi kullanıyoruz ama bir uzak bağlantıyla işlerimizi bile halledemiyoruz vaatleriniz hep boşa @vodafone @vodafoneHizmet;0
@vodafone BEN EVE INTERNET BAGLATTIM 110 TL. CEP TELEFONUM 110 TL. ZATEN HEP EVDEYIM CEP PAKETIMI INDIRMEK ISTEDIM 80 TL. YE ZORLA INDIRDILER. KONTRATIM BITSIN VODAFONA GECİCEM BU INSAFSIZLIK😥;0
@vodafone aga bu neeee. Yıl olmuş 2020 şu İnterneti vereceğinize hiç vermeyin @vodafoneHizmet @SuperYardim pic.twitter.com/2RxcTKGd3a;0
@vodafone işiniz gücünüz yalan insanları mağdur etmek başka hiç bir şey değil;0
Böylesine kötü geçen bir dönemde faturayı kesip iletişimi kapatmak nedir çok ayıp yıllardır en üst paketlerinizden kullanıyorum iletişimi kapatmak yerine 1 ay esnetmek sizi batırmaz ayrıca destek ekibiniz mesaja cvp vermekten bile aciz değişim şart olmaya başladı;0
vodafone  ev interneti kullanıyorum 5 dkda bir internet kesiliyor başka alternatifler bakın bence pişman olursunuz yine;0
Bu hiz artisi Vinn’a neden gelmiyor, Vinn’a uvey evlat muamelesi yapiyor @vodafone Hala kota dolunca internet yavasliyor !;0
@vodafone  ev İnterneti kurulumu için, belirsiz zamanlı bir kurulumdan önce sözleşme imzalatmakta ne oluyor, açıklar mısınız???;0
Dün online dersten düşürecek kadar berbat internet @vodafoneHizmet @vodafone;0
Koskoca vodafone İnternetin çekmiyor bile mobil veriden hiçbir şey yapamıyoruz. Kriz geçirmek üzereyiz. @vodafone;0
Ilk isim @vodafone hattimi, @denizbank ve @odeabank kartlarimi kapatmak olacak. Bu millet şu surecte yaptiginiz kahpelikleri unutmayacak. #virüsbitince;0
vodafone  kurumsal bi başvurumuza 12 gündür kurulum yapmaya gelmedi. Hızını arttırmış olması ilgisiz ve çözüm odaklı olmadıklarını değiştirmiyo malesef @vodafoneHizmet;0
Yetmiyormuş gibi bugünde internetimi mi kapattiniz. Benim çocuğum ders yapiyor. Nasıl bir kurumsunuz #yaziklarolsunvodafone;0
Müşteri hizmetlerine değil de galaksinin dışındaki uzaylılara bağlanmaya çalışıyoz sanki 35 dakikadır bekliyorum beklediğim için teşekkür etme artık bana ben istiyorum ki burada bekletilmeyim hemen konuşup sorunu çözelim ayrıca o akıllı olmayan akıllı sisteminizin amk @vodafone;0
"Yazıklar olsun size #vodafone 4 nisanda sipariş ettiğim lanet olası bir kargom var ve #telekurye isimli firmanız 4 mayısta teslimat yapacakmış. 

@vodafone @TcellPlatinum 

Tam bir rezalet! #vodafoneden alışveriş yapmayın!!";0
4 gündür bi hat getiremediler , verdığınız kurye 2 gün önce hat getireceğiz diye mesaj attı ama ne arayan var ne soran ne gelen , üstüne kuryeyi arayınca böyle bir kargo yok diyor , kalitelisiniz diye size geçtik , acil arayın , kötü çok kötü @vodafone @vodafoneHizmet @vodafone;0
Ulan vodafone tam bir yamyamsın he . 1 tane ödenmemiş faturam var günü geldiği gibi sabahın köründe kapatmışsın hattımı! Korona ne ki sizin gibi yamyamların yanında! @vodafone;0
vodafone beni arayıp melodi dinletip yüzüme kapatamazsın vodafone sen kimsin vodafoneciler beni bulsun;0
Her yerde max. hızla çektiği söylenen vodafone, İstanbul'un normal bir semtindeki binanın 4. katında çekmiyor, veriler geç yükleniyor;0
Ama fatura kesmeye devam degil mi?Evine ekmek alamayan insanlarin cocuklarina internetten egitim diyorlar!Simdi degilse ne zaman servis saglayici firmalar?@vodafone @VodafoneTR @TurkTelekom;0
@vodafone  bu haber doğru mu doğruysa modemi kırmamam için bir sebep söyleyin  https://twitter.com/pusholder/status/1251055523975376896 …;0
"Sağlık çalışanlarına destek veren bir çok kurum veya kuruluş varken vodafone firmasının bu dönemde paket aşımı diyerek faturaları 4 katına katlayarak göndermesini kınıyorum..
Sağlık çalışanlarına yapılan bu eşsiz kazığı sizlerin de duyurmasını ve bu konuda bir";0
Her ay 100 tl üzeri fatura ödüyorum vodafone sana ama sen şu zor günlerde benim hattımı kestin ya bende sendeki aboneliğimi kesiyorum. Düşman yapmaz yağtığınızı nasıl bir ülke olduk milleti düşünen yok. #yazıklarolsunvodafone;0
İzmir'in orta yerinde @vodafone cekmiyor!!! Birde sorununuza çözüm bulamadık diye mesaj atıyorsunuz😡😡😡😡 dağ başında bile çektiğini iddia ediyorsunuz ama ne oldu!!! Nasılsa pişmanım @vodafone kullandığına...#vodafone;0
Hayatı eve sığdıramıyoruz çünkü ekipleriniz doğru düzgün çalışmıyor @vodafone;0
Her ay 100 tl üzeri fatura ödüyorum sana vodafone ama sen şu  günlerde benim hattımı kestinya bende sendeki aboneliğimi kesiyorum. Bu milleti düşün biraz yanında ol bu günlerde düşman yapmaz yaptığınızı. #yazıklarolsunvodafone;0
Şu zor günlerde milletin faturasını kesmeyelim demeyen bu milleti hiç düşünmeyen vodafone sen benim faturamı kestin bende sendeki aboneliğimi kesiyorum. Milletin yanında olun yanında yazıklar olsun sizin yaptığınızı düşman yapmaz düşman.;0
"@vodafone müşteri temsilcisine 1000 Dk. çok fazla 500 dk. paketlerinden istediğimi söyledim. Size uygun öyle bir paket yok diyor... Bak! E, var diyorum. ""Size uygun değil"" diyor. Layık görmüyorlar demek ki. Mayıs ayında bitiyor taahhüt çok şükür.";0
"20 senelik vodafone hattı müşterisiyim; faturalarım otomatik ödeme talimatlı... @vodafone bunun karşılığında ekteki paketlerin tamamını hattım için ""kullanılamaz"" gösterip, (taahhütlü) 79 TL ve (taahhütsüz) 69TL'lik paketi dayatıyor. Yazıklar olsun.  pic.twitter.com/J8Rh4TxnxG";0
Evden çalışırken defalarca VPN’im kopuyor, onlarca kez yazmama rağmen ’dan kimse cevap vermiyor. Daha ne kadar kötü olabilirsiniz gerçekten,? @vodafoneHizmet @SuperYardim @vodafone;0
@vodafone milletin faturalarını erteleyin de milletin yanında olduğunuzu bilelim. 1 hafta içinde ödenmezse iletişime kapanacaktır mesajı gönderiyorsunuz...;0
Bu mu desteğiniz millete;0
Daha efektif ve hızlı çekim için yeni tarifemizi sizden aldık, eski hattımdan daha yavaş çektiği yetmiyormuş gibi 39 liralık tarifeye 25 lira vergi koyup milleti kazıklıyorsunuz, yaptığınız ayıptır! @vodafone @vodafoneHizmet;0
"vodafone şikayetçiyim bu telefon neden çekmiyor?
@vodafone";0
Nisan 8 de verilen siparişin teslimi 25 nisan gelecek bırakın kendi kendine de gelirdi @vodafone  pic.twitter.com/wdyRsi3Dr3;0
"Mesajı bu kadar uzun yazınca çok anlayışlı oluyorsun değil mi @vodafone ? utanmadan bir de #EvdeHayatVar diyebiliyorsun. Şu corona bitsin 
 #herşeyçokgüzelolacak 
İnternet ÜcretsizOlsun pic.twitter.com/4hlAyYM4Ux";0
Telefonumun oldu olali sadece vodafone kullanmis ve benim gibi milyon kisi..su donemde unutulan faturamin sonucu hemen hatti mi kesebildi.. Hadi biz odeyebildik ya odeyemeyenlerr yani insanlar bu kadar magdurken vicdana sigcak sey mi? @vodafone;0
Bulunduğum bölgede tek çeken operatör vodafone di 1 yıl sürdü oda bokunu çıkardı işte delirmemek elde değil.@vodafone;0
vodafone  kullanmayın. @vodafoneHizmet yardımcı olma bahanesi ile kayıt oluşturduğunu söylüyor. Ne arayan var ne soran. vodafone  bir virüs gibi. Sinirlerimizi bozan bir virüs.;0
vermediği hizmetin faturasınıeksiksiz tahsil etmede başarılı olmasın #vodafone .. ve fakat, ülkenin -verilmeyen hizmetine yetkili tayin edilmesi de ayrı bir vaka.. deveye sormuşlar.... gerisi malumu..  https://twitter.com/nazim_bekci/status/1250885463088533505 …;0
Bir daha asla vodafone kullanmam asla.;0
"Yıllardır kalitesiz hizmetlerle vatandaşı soydunuz, taşın altına elinizi sizde koyun şimdi, Halka
 bunu borçlusunuz.";0
@vodafoneHizmet vodafone de bitmis;0
@vodafone kime diyorum neden bu zor günlerde hattımızı kesiyorsunuz Allah belanızı versin!!;0
@vodafone şu virüs günlerinde bile hattı kesebiliyorsunuzya helal olsun !!!;0
Tarih bu alçaklığınızı unutmaz vodafone..! Böyle bi zamanda tolerans göstereceğinize böyle bedel olmadı.. Neyseki kaldı 1 ay taahhüttüm bitsin 14 senelik müşterinizi kaybettiniz..  pic.twitter.com/YNyAvAEbRC;0
Aynı olayı az önce bende yaşadım sırf ek paket alalım diye verdikleri paketi kullanmadığım halde bitti gösteriyorlar;0
vodafone’de kesiyor merak etmeyin hepsi aynı benim hattımı kapattılar :) şu dönemde;0
vodafone kadar soyguncu fırsatçı bir operatör görmedim @vodafoneHizmet sizede asla bağlanılmıyor @vodafone pişmanlıktır !;0
vodafone de berbat sizde galiba ev internetimi TurkNet’e taşıyacağım;0
@vodafone @vodafoneHizmet   istemediğim bir paketi neden OTOMATİK tanımlıyorsunuz? Operatör değişikliği yapacağım fakat sağlık önlemlerinden dolayı yapamıyorum. Bu süreç bitince bir daha asla dönmemek üzere operatör değişikliği yapacağım!;0
Hediye 2 gb instagram 15 dk instagram kullanımdan sonra bitti... son 409 mb 1 dk içinde bitti!! Kandırmayın insanları dürüst olun, gerçi ülkenin yarısından fazlası fırsatçı siz yapmışsınız çokmu..  pic.twitter.com/E60nyWLX6E;0
Yeni geçmiştim vodafone e. 2 ayda pişman oldum. Yahu bi bildirim ya. Ama pardon o zaman açma - kapama bedeli diye 30 TL geçiremicektiniz. Siz de haklısınız. Yaptığınız yasal dolandırıcılık sanırım. 30 TL nin peşine düşmicem de, en yakın zamanda hattı taşıcam.;0
İnternetin parasını veriyoruz da hizmeti alamıyoruz. 45 dakikadır müşteri hizmetlerini arıyorum açan yok @vodafone buna irtifa kaybı derler;0
@vodafone 15 dakikadan fazla hatta bekliyor, arıza kaydı açtırırsam virüsten dolayı yaklaşık 10 gün içinde müdahale edileceği belirtiliyor. O halde ben neden piyasadan daha pahalı olmanıza rağmen sizi tercih ediyorum?;0
# #vodafone müşteri hizmetlerinden cevap alma çabaları.  İnternetimiz neden kesildi acaba? Neden hizmet verilmiyor gece? O zaman kesilmeyen internet sağlayın.  pic.twitter.com/d2W3S8i0GY;0
6 mb internet için 64.90 TL. Hem de en bi en kampanyalı fiyat. O da kafasına göre bağlanıyor. Size muhtaç bırakanlara da size de yazıklar olsun. Bu çağda bu hız, bu fiyat. İnsanda! Biraz utanma olur yahu... @vodafone @vodafoneHizmet;0
Bugün 00.00 ile 02.00 sırasında sırf intetnet paketi için 200 liraya yakın fatura ödediğim vodafone aranıyor moduna takıldı. Beni Türk Telekom’un 1 mbps internetine mahkum etti. Neyi iletmem gerekiyordu? 2 saatlik kesintiyi kendiniz göremiyor musunuz??;0
@vodafoneHizmet Ev İnterneti olarak vodafone  kullanıyoruz ve sürekli kesiliyor şuanda kesildi artık lütfen çözüm bulurmusunuz;0
@vodafone sanırım interneti 4kat hızlandırayım derken 4 kat yavaşlattınız hiç bir şey yapamıyorum internet ile;0
Sizin vereceğiniz internetinde hizmetinde ta aq @vodafone;0
Kardeşim gecenin bu vakti interneti neden kesiyorsunuz amacınız nedir oyunun içine sıçtınız yine @vodafoneHizmet @vodafone;0
İnternetin ayrı bir rezalet müşteri temsilcin daha da rezalet.!! @vodafoneHizmet @vodafone;0
vodafone var ya sinir edersin adamı faturamı daha yeni ödedim hattınız kullanıma kapatıldı diyor ya sabııııır;0
vodafone’e gececegine dumanla haberlesmeni oneririm. :(;0
Gsm operetörleri anca faturaları yükseltir;0
Utanma hissi bu ulkeden gideli cok oldu...;0
Sayın @vodafone evde hayat var ama internetiniz ve çekim gücünüz yok maalesef;0
hattımda kullanmak için internet dururken hesaba aşım paketi aktive eden vodafone artık ne yapsak da insanları kandırsak diye uğraşıyorsunuz bıktım cidden;0
vodafone gece gece noluyo kanka gidip geliyosun derde sokma beni şimdi @vodafoneHizmet;0
6 aydır hizmet vermiyorlar taahhüdüm bitmediği için kapatmıyorlar da faturayı da iptal etmiyorlar vermedikleri hizmetin ücretini de utanmadan almak için ihbar gönderiyorlar türkcell yöneticileri müşterilerinizi yolunacak tavuk sanmaktan vazgeçin bu sizi bir yere götürmez;0
Sayın @vodafone @vodafoneHizmet akşamdan beri ne arıyorsun bir anlatsana? Bı ortamda insanların sabırlarının sınırlarını mı arıyorsunuz acaba?  @TcellPlatinum bir sürü fazla para veriyoruz. Sonucu bu mu??? pic.twitter.com/zSMxD9CG2g;0
ya ben odamda oturup oyun bile oynayamıyorum çünkü internet odamda çekmiyo vodafone sen sadece mobil kalsaydın keşke hiç ev internetine falan karışmasaydın berbatsın çünkü berbat;0
vodafone  güya internet hızını 2 katına çıkarmış. O yüzden mi şu an hiçbir şekilde internete bağlanamıyoruz? Neyseki ay sonunda anlaşmamız bitiyor ilk işim aboneliği sonlandırmak olacak! @vodafoneHizmet;0
Akıllı Fatura kampanyasına dahilken nasıl olur da vodafone bana sormadan ek paket yapabiliyor bana bunu açıklayabilir misiniz? @vodafone;0
bu vodafone'in amk 2 güne geliyoruz dediler 1 ay oldu mağara hayatına döndüm iyice;0
@vodafone Arayın artık 45 dk oldu şuan;0
Üstelik paketim 49 lira, 24 lira ek ücret nedir? Şaka mısınız? Umarım uyuyorumdur. Ve sabah kalktığımda bunlar yaşanmamış olur @vodafone @vodafoneHizmet;0
Çalat kazandan 2 gündür hediye kazanıyorum yüklenmiyor, biraz önce salla kazanı yaptım o da yüklenmedi ne biçim hizmet bu neden böyle yapıyorsunuz, evde tıkıldık kaldık zaten neden vermiyorsunuz hediyelerimi?;0
vodafone de aynı bıktım değişecem;0
Yıllardır müşterisi olanları kandırmayıda iyi biliyor. @vodafone @vodafoneHizmet;0
Asla sözlerinde durmuyorlar. Bizi çok mağdur etti @vodafone @vodafoneHizmet;0
"İnanmayın @vodafone @vodafoneHizmet hiç bir sözünde durmuyorlar.

REKLAMLARINA KANMAYIN
@vodafone hariç nere giderseniz gidin.";0
Türkiye'nin başkentinin göbeğinde,  ayda 140 tl verdiğim internetten  dizi izleyemiyorum. inanılmaz  ama gerçek.  Bravo @vodafoneHizmet @vodafone;0
olur mu canım bedava! varolan hattınızın kullanımsüresibitti  yenisi şu ama 10 lira fazla diye bide zamyapıyorlar! şikayetçiyiz @tcbestepe @vodafoneHizmet den @vodafone @iletisim #vodafone;0
vodafone senden adam olmaz kapatıyoruz güzel geceler;0
vodafone artık terbiye falan bırakmadınız bok gibi internetiniz yüzünden Murat övüc videoları izleyemiyorum bıktım ya @vodafoneHizmet @vodafone;0
vodafone sen beni sikmeye mi çalışıyosun yine :@@ beni ara..;0
Aynı alt yapı sorununu bitmeyen çekmeme şikayetini bir türlü atlatamadık @Net @vodafone;0
Yok böyle birşey 34dk bekledim bir ses gelmiyo diye kapattı ben 34 dk bekledim sende 2dk bekle ne olur @vodafoneHizmet @vodafone  pic.twitter.com/svOBTUCj0R;0
@vodafone  yapar bi güzellik;1
Bir miktar kral hareketler #vodafone  pic.twitter.com/q8ffdWM17I;1
@vodafoneHizmet @vodafone resmen uçuyoruz bu ne hız ?  pic.twitter.com/uzT1cZMyIR;1
Sene 2012 vodafone çağrı merkezinde yaz şenliği gülme yarışmasına katılmıştım. Giydiğim pembe Penye sayesinde 2. Olmustum. 😀 benim için güzel bir anıydı... Sizinle çalışmaktan oldukça keyif almıştım vodafone ailesi.  pic.twitter.com/xblIaD2R30;1
bir adam vardı canı sıkılann vodafone im geldi sıkıntı bitti;1
Evde internet hizmetinizde yasamis oldugunuz ariza sebebiyle internetsiz kalmamaniz icin ucretsiz olarak sundugumuz haftalik cepten 4GB hizmetimizi kullanabilirsiniz. Dilediginiz bir vodafone hatti ile ucretsiz kullanabilirsiniz. Teşekkürler @vodafoneHizmet;1
vodafone'le bağlan hayata, hayata bağlan vodafone'le  https://twitter.com/eskireklamIar/status/1251911177900261381 …;2
Bi mesaj atan vodafone o da olmasa mesaj atan yok lan;2
"Haksız şekilde insanları işinden ettikten sonra arayıp ""vodafone'e geçeceğim"" dedikten sonra gün aşırı arayıp türlü türlü tekliflerle gelmişlerdi ama böyle birşeyin olduğunu ilk defa görüyorum dhdvdhsb  pic.twitter.com/kwyIEJA7dj";1
zaten devletteki alt yapısı. telekom un işletmesi devlette olmasına gerek yok. alt yapı önemli. vodafone olsun vodafone olsun devletin alt yapısı üstünden hizmet veriyor. telekom kullanan insan sayısı artmıyor giderek düşüyor. buda sistemin değişmesinden kaynaklı+;1
Mükemmel hizmetinizi neye borçluyuz? @vodafone  pic.twitter.com/cADI0NDhpq;1
Yararlanabileceğiniz tekliflerimiz için Dijital Operatör uygulamamızı inceleyebilir veya 05327572222 numaralı vodafone Tarife ve Kampanya destek hattına ücretsiz ulaşarak bilgi alabilirsiniz.  http://vodafone.li/doindir ;2
vodafone hat kullanan tanımadığım bi numaradan video geliyor kimsin yazdıktan sonra ses kaydı geliyor. Arapça bir şeyler söyleyen adamdan anladığım tek şey Eskişehir ve Irak oldu...;2
Desteğiniz ve hızlı İnternetiniz için teşekkürler vodafone💛;1
Ramazanda haftalık salla kazan hakkı 2 olacak mı? @vodafone;2
Keşke haftalık hediyeler verseniz de biraz mutlu olsak  günlük vermeyin;2
#Ramazan'da Salla Kazan hediyelerinizi ister siz kullanın, ister sevdiklerinize yollayın. Hediyeniz sevdiklerinize ikiye katlanarak ulaşsın! 🎁  http://vodafone.li/doindir  pic.twitter.com/XzwgDWEhPM;1
turk telekom cok zor cekiyor vodafone bence;1
En iyis vodafone knk çok hızlı;1
vodafone sana kurban olayım aq türk telekomu bırak hayatimi;1
vodafone bile benim yanımda herşey düzelicek inanıyorum🙏🙏teşekkürler😇😇;1
Yanlış anlatmış olabilirim. Hali hazırda sadece @vodafone çekiyor o da elektrikler kesince gidiyor. @TurkTelekom  zaten hiç çekmiyor. Acil durumlarda bunun eksikliği yaşanacaktır.;1
Ttnet kullanıcısıyım 7 gün oldu arıza  kaydı bırakalı tamam zor günlerden geçiyoruz ama ne arayan ne soran ! şunu gördüm ki @TurkTelekom pişmanliktir.En kısa sürede gsm hattımı taşıdığım gibi ev internetimi de @vodafone e taşiyacağim.;1
